[17/05/2026 06:15:50 UTC] [INFO] [SYSTEM] BOOT: Server started on port 3001 (v1.0.0)
[17/05/2026 06:15:55 UTC] [INFO] [AI] [Client:2] [Job:f34d78a9-ce02-4d33-ab1f-e4d83b055732] AI_TRANSCRIPTION_SKIPPED: Job f34d78a9-ce02-4d33-ab1f-e4d83b055732 using existing transcription
[17/05/2026 06:15:55 UTC] [INFO] [AI] [Client:2] [Job:94a63da8-4f40-426b-8ef6-0ed54aadaf39] AI_TRANSCRIPTION_SKIPPED: Job 94a63da8-4f40-426b-8ef6-0ed54aadaf39 using existing transcription
[17/05/2026 06:15:55 UTC] [INFO] [AI] [Client:2] [Job:94a63da8-4f40-426b-8ef6-0ed54aadaf39] AI_ALL_MODULES_SKIPPED: Job 94a63da8-4f40-426b-8ef6-0ed54aadaf39 all modules already completed
[17/05/2026 06:15:55 UTC] [INFO] [AI] JOB_PROGRESS_SYNC: Synced incremental results for Job 94a63da8-4f40-426b-8ef6-0ed54aadaf39 (5 modules completed)
[17/05/2026 06:15:55 UTC] [INFO] [AI] JOB_PROCESSOR_DONE: Job 94a63da8-4f40-426b-8ef6-0ed54aadaf39 finished with status: completed | Details: {"clientId":2,"billedTotalCost":0,"successfulModules":["transcription","subtitles"],"failedModules":[],"resultTypes":["transcription","subtitles",null,null,null],"totalResults":5}
[17/05/2026 06:15:55 UTC] [INFO] [AI] JOB_STATUS_UPDATE: Job f34d78a9-ce02-4d33-ab1f-e4d83b055732: Analyzing metadata...
[17/05/2026 06:15:55 UTC] [INFO] [AI] [Client:2] [Job:d5f7cd6b-6549-40be-947c-e9e030d37fd0] AI_TRANSCRIPTION_SKIPPED: Job d5f7cd6b-6549-40be-947c-e9e030d37fd0 using existing transcription
[17/05/2026 06:15:55 UTC] [INFO] [AI] [Client:2] [Job:d5f7cd6b-6549-40be-947c-e9e030d37fd0] AI_ALL_MODULES_SKIPPED: Job d5f7cd6b-6549-40be-947c-e9e030d37fd0 all modules already completed
[17/05/2026 06:15:55 UTC] [INFO] [AI] JOB_PROGRESS_SYNC: Synced incremental results for Job d5f7cd6b-6549-40be-947c-e9e030d37fd0 (5 modules completed)
[17/05/2026 06:15:55 UTC] [INFO] [AI] JOB_PROCESSOR_DONE: Job d5f7cd6b-6549-40be-947c-e9e030d37fd0 finished with status: completed | Details: {"clientId":2,"billedTotalCost":0,"successfulModules":["transcription","subtitles"],"failedModules":[],"resultTypes":["transcription","subtitles",null,null,null],"totalResults":5}
[17/05/2026 06:15:55 UTC] [INFO] [AI] [Client:2] [Job:0bfeb978-bb90-40d6-a115-2cb54b9e0bd9] AI_TRANSCRIPTION_SKIPPED: Job 0bfeb978-bb90-40d6-a115-2cb54b9e0bd9 using existing transcription
[17/05/2026 06:15:55 UTC] [INFO] [AI] [Client:2] [Job:0bfeb978-bb90-40d6-a115-2cb54b9e0bd9] AI_ALL_MODULES_SKIPPED: Job 0bfeb978-bb90-40d6-a115-2cb54b9e0bd9 all modules already completed
[17/05/2026 06:15:55 UTC] [INFO] [AI] JOB_PROGRESS_SYNC: Synced incremental results for Job 0bfeb978-bb90-40d6-a115-2cb54b9e0bd9 (5 modules completed)
[17/05/2026 06:15:55 UTC] [INFO] [AI] JOB_PROCESSOR_DONE: Job 0bfeb978-bb90-40d6-a115-2cb54b9e0bd9 finished with status: completed | Details: {"clientId":2,"billedTotalCost":0,"successfulModules":["transcription","subtitles"],"failedModules":[],"resultTypes":["transcription","subtitles",null,null,null],"totalResults":5}
[17/05/2026 06:15:56 UTC] [INFO] [AI] [Client:2] [Job:c673c239-d328-48eb-9ae8-ad2d3e84128b] AI_TRANSCRIPTION_SKIPPED: Job c673c239-d328-48eb-9ae8-ad2d3e84128b using existing transcription
[17/05/2026 06:15:56 UTC] [INFO] [AI] [Client:2] [Job:c673c239-d328-48eb-9ae8-ad2d3e84128b] AI_ALL_MODULES_SKIPPED: Job c673c239-d328-48eb-9ae8-ad2d3e84128b all modules already completed
[17/05/2026 06:15:56 UTC] [INFO] [AI] JOB_PROGRESS_SYNC: Synced incremental results for Job c673c239-d328-48eb-9ae8-ad2d3e84128b (5 modules completed)
[17/05/2026 06:15:56 UTC] [INFO] [AI] JOB_PROCESSOR_DONE: Job c673c239-d328-48eb-9ae8-ad2d3e84128b finished with status: completed | Details: {"clientId":2,"billedTotalCost":0,"successfulModules":["transcription","subtitles"],"failedModules":[],"resultTypes":["transcription","subtitles",null,null,null],"totalResults":5}
[17/05/2026 06:15:56 UTC] [INFO] [AI] [Client:2] [Job:ed6e7691-cafc-4f34-bbc2-214f1149b10e] AI_TRANSCRIPTION_SKIPPED: Job ed6e7691-cafc-4f34-bbc2-214f1149b10e using existing transcription
[17/05/2026 06:15:56 UTC] [INFO] [AI] [Client:2] [Job:ed6e7691-cafc-4f34-bbc2-214f1149b10e] AI_ALL_MODULES_SKIPPED: Job ed6e7691-cafc-4f34-bbc2-214f1149b10e all modules already completed
[17/05/2026 06:15:56 UTC] [INFO] [AI] JOB_PROGRESS_SYNC: Synced incremental results for Job ed6e7691-cafc-4f34-bbc2-214f1149b10e (5 modules completed)
[17/05/2026 06:15:56 UTC] [INFO] [AI] JOB_PROCESSOR_DONE: Job ed6e7691-cafc-4f34-bbc2-214f1149b10e finished with status: completed | Details: {"clientId":2,"billedTotalCost":0,"successfulModules":["transcription","subtitles"],"failedModules":[],"resultTypes":["transcription","subtitles",null,null,null],"totalResults":5}
[17/05/2026 06:15:56 UTC] [INFO] [AI] [Client:2] [Job:e053c33c-710e-4134-8f82-705d1a368c3e] AI_TRANSCRIPTION_SKIPPED: Job e053c33c-710e-4134-8f82-705d1a368c3e using existing transcription
[17/05/2026 06:15:56 UTC] [INFO] [AI] [Client:2] [Job:e053c33c-710e-4134-8f82-705d1a368c3e] AI_ALL_MODULES_SKIPPED: Job e053c33c-710e-4134-8f82-705d1a368c3e all modules already completed
[17/05/2026 06:15:56 UTC] [INFO] [AI] JOB_PROGRESS_SYNC: Synced incremental results for Job e053c33c-710e-4134-8f82-705d1a368c3e (5 modules completed)
[17/05/2026 06:15:56 UTC] [INFO] [AI] JOB_PROCESSOR_DONE: Job e053c33c-710e-4134-8f82-705d1a368c3e finished with status: completed | Details: {"clientId":2,"billedTotalCost":0,"successfulModules":["transcription","subtitles"],"failedModules":[],"resultTypes":["transcription","subtitles",null,null,null],"totalResults":5}
[17/05/2026 06:15:56 UTC] [INFO] [AI] [Client:2] [Job:220dfa12-8834-4638-a0c5-fcf9997a7288] AI_TRANSCRIPTION_SKIPPED: Job 220dfa12-8834-4638-a0c5-fcf9997a7288 using existing transcription
[17/05/2026 06:15:56 UTC] [INFO] [AI] [Client:2] [Job:220dfa12-8834-4638-a0c5-fcf9997a7288] AI_ALL_MODULES_SKIPPED: Job 220dfa12-8834-4638-a0c5-fcf9997a7288 all modules already completed
[17/05/2026 06:15:56 UTC] [INFO] [AI] JOB_PROGRESS_SYNC: Synced incremental results for Job 220dfa12-8834-4638-a0c5-fcf9997a7288 (5 modules completed)
[17/05/2026 06:15:56 UTC] [INFO] [AI] JOB_PROCESSOR_DONE: Job 220dfa12-8834-4638-a0c5-fcf9997a7288 finished with status: completed | Details: {"clientId":2,"billedTotalCost":0,"successfulModules":["transcription","subtitles"],"failedModules":[],"resultTypes":["transcription","subtitles",null,null,null],"totalResults":5}
[17/05/2026 06:15:56 UTC] [INFO] [AI] [Client:2] [Job:d42197e7-26d0-43bf-a9f2-5c4951f9ae96] AI_TRANSCRIPTION_SKIPPED: Job d42197e7-26d0-43bf-a9f2-5c4951f9ae96 using existing transcription
[17/05/2026 06:15:56 UTC] [INFO] [AI] [Client:2] [Job:d42197e7-26d0-43bf-a9f2-5c4951f9ae96] AI_ALL_MODULES_SKIPPED: Job d42197e7-26d0-43bf-a9f2-5c4951f9ae96 all modules already completed
[17/05/2026 06:15:56 UTC] [INFO] [AI] JOB_PROGRESS_SYNC: Synced incremental results for Job d42197e7-26d0-43bf-a9f2-5c4951f9ae96 (5 modules completed)
[17/05/2026 06:15:56 UTC] [INFO] [AI] JOB_PROCESSOR_DONE: Job d42197e7-26d0-43bf-a9f2-5c4951f9ae96 finished with status: completed | Details: {"clientId":2,"billedTotalCost":0,"successfulModules":["transcription","subtitles"],"failedModules":[],"resultTypes":["transcription","subtitles",null,null,null],"totalResults":5}
[17/05/2026 06:15:56 UTC] [INFO] [AI] [Client:2] [Job:5f75629c-0c8a-462f-bcea-b1bf319f603d] AI_TRANSCRIPTION_SKIPPED: Job 5f75629c-0c8a-462f-bcea-b1bf319f603d using existing transcription
[17/05/2026 06:15:56 UTC] [INFO] [AI] [Client:2] [Job:5f75629c-0c8a-462f-bcea-b1bf319f603d] AI_ALL_MODULES_SKIPPED: Job 5f75629c-0c8a-462f-bcea-b1bf319f603d all modules already completed
[17/05/2026 06:15:56 UTC] [INFO] [AI] JOB_PROGRESS_SYNC: Synced incremental results for Job 5f75629c-0c8a-462f-bcea-b1bf319f603d (5 modules completed)
[17/05/2026 06:15:56 UTC] [INFO] [AI] JOB_PROCESSOR_DONE: Job 5f75629c-0c8a-462f-bcea-b1bf319f603d finished with status: completed | Details: {"clientId":2,"billedTotalCost":0,"successfulModules":["transcription","subtitles"],"failedModules":[],"resultTypes":["transcription","subtitles",null,null,null],"totalResults":5}
[17/05/2026 06:15:56 UTC] [INFO] [AI] [Client:2] [Job:99761578-369e-4d63-bb00-c862eb1377fb] AI_TRANSCRIPTION_SKIPPED: Job 99761578-369e-4d63-bb00-c862eb1377fb using existing transcription
[17/05/2026 06:15:56 UTC] [INFO] [AI] [Client:2] [Job:99761578-369e-4d63-bb00-c862eb1377fb] AI_ALL_MODULES_SKIPPED: Job 99761578-369e-4d63-bb00-c862eb1377fb all modules already completed
[17/05/2026 06:15:56 UTC] [INFO] [AI] JOB_PROGRESS_SYNC: Synced incremental results for Job 99761578-369e-4d63-bb00-c862eb1377fb (5 modules completed)
[17/05/2026 06:15:56 UTC] [INFO] [AI] JOB_PROCESSOR_DONE: Job 99761578-369e-4d63-bb00-c862eb1377fb finished with status: completed | Details: {"clientId":2,"billedTotalCost":0,"successfulModules":["transcription","subtitles"],"failedModules":[],"resultTypes":["transcription","subtitles",null,null,null],"totalResults":5}
[17/05/2026 06:15:56 UTC] [INFO] [AI] [Client:2] [Job:e04a0e55-4548-4083-8e44-96d054e7d258] AI_TRANSCRIPTION_SKIPPED: Job e04a0e55-4548-4083-8e44-96d054e7d258 using existing transcription
[17/05/2026 06:15:56 UTC] [INFO] [AI] JOB_STATUS_UPDATE: Job e04a0e55-4548-4083-8e44-96d054e7d258: Analyzing metadata...
[17/05/2026 06:15:56 UTC] [INFO] [AI] JOB_STATUS_UPDATE: Job e04a0e55-4548-4083-8e44-96d054e7d258: Analyzing ad_breaks...
[17/05/2026 06:15:56 UTC] [INFO] [AI] JOB_STATUS_UPDATE: Job e04a0e55-4548-4083-8e44-96d054e7d258: Analyzing promo_breaks...
[17/05/2026 06:16:35 UTC] [INFO] [AI] JOB_PROGRESS_SYNC: Synced incremental results for Job f34d78a9-ce02-4d33-ab1f-e4d83b055732 (5 modules completed)
[17/05/2026 06:16:35 UTC] [INFO] [AI] JOB_PROCESSOR_DONE: Job f34d78a9-ce02-4d33-ab1f-e4d83b055732 finished with status: completed | Details: {"clientId":2,"billedTotalCost":0,"successfulModules":["transcription","subtitles","metadata"],"failedModules":[],"resultTypes":["transcription","subtitles",null,null,null],"totalResults":5}
[17/05/2026 06:16:35 UTC] [INFO] [AI] [Client:2] [Job:62a2c8be-9a0c-48e4-a975-746dec1f9b81] AI_TRANSCRIPTION_SKIPPED: Job 62a2c8be-9a0c-48e4-a975-746dec1f9b81 using existing transcription
[17/05/2026 06:16:35 UTC] [INFO] [AI] JOB_STATUS_UPDATE: Job 62a2c8be-9a0c-48e4-a975-746dec1f9b81: Analyzing metadata...
[17/05/2026 06:16:35 UTC] [INFO] [AI] JOB_STATUS_UPDATE: Job 62a2c8be-9a0c-48e4-a975-746dec1f9b81: Analyzing ad_breaks...
[17/05/2026 06:16:35 UTC] [INFO] [AI] JOB_STATUS_UPDATE: Job 62a2c8be-9a0c-48e4-a975-746dec1f9b81: Analyzing promo_breaks...
[17/05/2026 06:16:38 UTC] [INFO] [AI] JOB_PROGRESS_SYNC: Synced incremental results for Job e04a0e55-4548-4083-8e44-96d054e7d258 (5 modules completed)
[17/05/2026 06:16:38 UTC] [INFO] [AI] JOB_PROCESSOR_DONE: Job e04a0e55-4548-4083-8e44-96d054e7d258 finished with status: completed | Details: {"clientId":2,"billedTotalCost":0,"successfulModules":["transcription","subtitles","promo_breaks","ad_breaks","metadata"],"failedModules":[],"resultTypes":["transcription","subtitles",null,null,null],"totalResults":5}
[17/05/2026 06:16:38 UTC] [INFO] [AI] [Client:2] [Job:a4ffff8c-498c-4fa8-8823-7b4870223713] AI_TRANSCRIPTION_SKIPPED: Job a4ffff8c-498c-4fa8-8823-7b4870223713 using existing transcription
[17/05/2026 06:16:38 UTC] [INFO] [AI] [Client:2] [Job:a4ffff8c-498c-4fa8-8823-7b4870223713] AI_ALL_MODULES_SKIPPED: Job a4ffff8c-498c-4fa8-8823-7b4870223713 all modules already completed
[17/05/2026 06:16:38 UTC] [INFO] [AI] JOB_PROGRESS_SYNC: Synced incremental results for Job a4ffff8c-498c-4fa8-8823-7b4870223713 (5 modules completed)
[17/05/2026 06:16:38 UTC] [INFO] [AI] JOB_PROCESSOR_DONE: Job a4ffff8c-498c-4fa8-8823-7b4870223713 finished with status: completed | Details: {"clientId":2,"billedTotalCost":0,"successfulModules":["transcription","subtitles"],"failedModules":[],"resultTypes":["transcription","subtitles",null,null,null],"totalResults":5}
[17/05/2026 06:16:38 UTC] [INFO] [AI] [Client:2] [Job:ea263198-38d9-4aee-b574-a5b999f11981] AI_TRANSCRIPTION_SKIPPED: Job ea263198-38d9-4aee-b574-a5b999f11981 using existing transcription
[17/05/2026 06:16:38 UTC] [INFO] [AI] JOB_STATUS_UPDATE: Job ea263198-38d9-4aee-b574-a5b999f11981: Analyzing metadata...
[17/05/2026 06:16:38 UTC] [INFO] [AI] JOB_STATUS_UPDATE: Job ea263198-38d9-4aee-b574-a5b999f11981: Analyzing ad_breaks...
[17/05/2026 06:16:38 UTC] [INFO] [AI] JOB_STATUS_UPDATE: Job ea263198-38d9-4aee-b574-a5b999f11981: Analyzing promo_breaks...
[17/05/2026 06:17:02 UTC] [INFO] [AI] JOB_PROGRESS_SYNC: Synced incremental results for Job ea263198-38d9-4aee-b574-a5b999f11981 (5 modules completed)
[17/05/2026 06:17:02 UTC] [INFO] [AI] JOB_PROCESSOR_DONE: Job ea263198-38d9-4aee-b574-a5b999f11981 finished with status: completed | Details: {"clientId":2,"billedTotalCost":0,"successfulModules":["transcription","subtitles","ad_breaks","promo_breaks","metadata"],"failedModules":[],"resultTypes":["transcription","subtitles",null,null,null],"totalResults":5}
[17/05/2026 06:17:02 UTC] [INFO] [AI] [Client:2] [Job:a50b3e0c-7a9e-4ecf-bd1a-72f1ff6edcec] AI_TRANSCRIPTION_SKIPPED: Job a50b3e0c-7a9e-4ecf-bd1a-72f1ff6edcec using existing transcription
[17/05/2026 06:17:02 UTC] [INFO] [AI] JOB_STATUS_UPDATE: Job a50b3e0c-7a9e-4ecf-bd1a-72f1ff6edcec: Analyzing metadata...
[17/05/2026 06:17:02 UTC] [INFO] [AI] JOB_STATUS_UPDATE: Job a50b3e0c-7a9e-4ecf-bd1a-72f1ff6edcec: Analyzing ad_breaks...
[17/05/2026 06:17:02 UTC] [INFO] [AI] JOB_STATUS_UPDATE: Job a50b3e0c-7a9e-4ecf-bd1a-72f1ff6edcec: Analyzing promo_breaks...
[17/05/2026 06:17:14 UTC] [INFO] [AI] JOB_PROGRESS_SYNC: Synced incremental results for Job 62a2c8be-9a0c-48e4-a975-746dec1f9b81 (5 modules completed)
[17/05/2026 06:17:14 UTC] [INFO] [AI] JOB_PROCESSOR_DONE: Job 62a2c8be-9a0c-48e4-a975-746dec1f9b81 finished with status: completed | Details: {"clientId":2,"billedTotalCost":0,"successfulModules":["transcription","subtitles","promo_breaks","ad_breaks","metadata"],"failedModules":[],"resultTypes":["transcription","subtitles",null,null,null],"totalResults":5}
[17/05/2026 06:17:14 UTC] [INFO] [AI] [Client:2] [Job:a1a5049d-05b4-4052-932e-2651035a2abc] AI_TRANSCRIPTION_SKIPPED: Job a1a5049d-05b4-4052-932e-2651035a2abc using existing transcription
[17/05/2026 06:17:14 UTC] [INFO] [AI] [Client:2] [Job:a1a5049d-05b4-4052-932e-2651035a2abc] AI_ALL_MODULES_SKIPPED: Job a1a5049d-05b4-4052-932e-2651035a2abc all modules already completed
[17/05/2026 06:17:14 UTC] [INFO] [AI] JOB_PROGRESS_SYNC: Synced incremental results for Job a1a5049d-05b4-4052-932e-2651035a2abc (5 modules completed)
[17/05/2026 06:17:14 UTC] [INFO] [AI] JOB_PROCESSOR_DONE: Job a1a5049d-05b4-4052-932e-2651035a2abc finished with status: completed | Details: {"clientId":2,"billedTotalCost":0,"successfulModules":["transcription","subtitles"],"failedModules":[],"resultTypes":["transcription","subtitles",null,null,null],"totalResults":5}
[17/05/2026 06:17:14 UTC] [INFO] [AI] [Client:2] [Job:ef98b47b-1c9b-465d-b489-3c073e713a8a] AI_TRANSCRIPTION_SKIPPED: Job ef98b47b-1c9b-465d-b489-3c073e713a8a using existing transcription
[17/05/2026 06:17:14 UTC] [INFO] [AI] [Client:2] [Job:ef98b47b-1c9b-465d-b489-3c073e713a8a] AI_ALL_MODULES_SKIPPED: Job ef98b47b-1c9b-465d-b489-3c073e713a8a all modules already completed
[17/05/2026 06:17:14 UTC] [INFO] [AI] JOB_PROGRESS_SYNC: Synced incremental results for Job ef98b47b-1c9b-465d-b489-3c073e713a8a (5 modules completed)
[17/05/2026 06:17:14 UTC] [INFO] [AI] JOB_PROCESSOR_DONE: Job ef98b47b-1c9b-465d-b489-3c073e713a8a finished with status: completed | Details: {"clientId":2,"billedTotalCost":0,"successfulModules":["transcription","subtitles"],"failedModules":[],"resultTypes":["transcription","subtitles",null,null,null],"totalResults":5}
[17/05/2026 06:17:14 UTC] [INFO] [AI] [Client:2] [Job:91043e36-2ad0-464b-a06b-55acc83511e3] AI_TRANSCRIPTION_SKIPPED: Job 91043e36-2ad0-464b-a06b-55acc83511e3 using existing transcription
[17/05/2026 06:17:14 UTC] [INFO] [AI] [Client:2] [Job:91043e36-2ad0-464b-a06b-55acc83511e3] AI_ALL_MODULES_SKIPPED: Job 91043e36-2ad0-464b-a06b-55acc83511e3 all modules already completed
[17/05/2026 06:17:14 UTC] [INFO] [AI] JOB_PROGRESS_SYNC: Synced incremental results for Job 91043e36-2ad0-464b-a06b-55acc83511e3 (5 modules completed)
[17/05/2026 06:17:14 UTC] [INFO] [AI] JOB_PROCESSOR_DONE: Job 91043e36-2ad0-464b-a06b-55acc83511e3 finished with status: completed | Details: {"clientId":2,"billedTotalCost":0,"successfulModules":["transcription","subtitles"],"failedModules":[],"resultTypes":["transcription","subtitles",null,null,null],"totalResults":5}
[17/05/2026 06:17:14 UTC] [INFO] [AI] [Client:2] [Job:acbed727-5f33-4ee8-a9d3-5a4584444160] AI_TRANSCRIPTION_SKIPPED: Job acbed727-5f33-4ee8-a9d3-5a4584444160 using existing transcription
[17/05/2026 06:17:14 UTC] [INFO] [AI] [Client:2] [Job:acbed727-5f33-4ee8-a9d3-5a4584444160] AI_ALL_MODULES_SKIPPED: Job acbed727-5f33-4ee8-a9d3-5a4584444160 all modules already completed
[17/05/2026 06:17:14 UTC] [INFO] [AI] JOB_PROGRESS_SYNC: Synced incremental results for Job acbed727-5f33-4ee8-a9d3-5a4584444160 (5 modules completed)
[17/05/2026 06:17:14 UTC] [INFO] [AI] JOB_PROCESSOR_DONE: Job acbed727-5f33-4ee8-a9d3-5a4584444160 finished with status: completed | Details: {"clientId":2,"billedTotalCost":0,"successfulModules":["transcription","subtitles"],"failedModules":[],"resultTypes":["transcription","subtitles",null,null,null],"totalResults":5}
[17/05/2026 06:17:14 UTC] [INFO] [AI] JOB_STATUS_UPDATE: Job c220450a-6e7b-409b-996e-43dd0590bcd7: Transcribing audio...
[17/05/2026 06:17:14 UTC] [INFO] [AI] [Client:2/EDM] AI_TRANSCRIPTION_REQUEST: Job c220450a-6e7b-409b-996e-43dd0590bcd7 transcribing audio | Details: {"model":"whisper-1","billedRate":5}
[17/05/2026 06:17:20 UTC] [ERROR] [AI] JOB_PROCESSOR_ERROR: Job c220450a-6e7b-409b-996e-43dd0590bcd7 failed: Whisper transcription failed: ENOENT: no such file or directory, stat 'C:\GOOGLE_AntiGravity\cuepoint-server\uploads\0c08a3655f5ff30109921d8dc7909058' | Details: {"clientId":2} | Error: Error: Whisper transcription failed: ENOENT: no such file or directory, stat 'C:\GOOGLE_AntiGravity\cuepoint-server\uploads\0c08a3655f5ff30109921d8dc7909058'
    at WhisperClient.transcribe (C:\GOOGLE_AntiGravity\cuepoint-server\src\lib\ai\whisper.ts:80:19)
    at WhisperClient.transcribeWithRetry (C:\GOOGLE_AntiGravity\cuepoint-server\src\lib\ai\whisper.ts:88:35)
    at processAiJob (C:\GOOGLE_AntiGravity\cuepoint-server\src\lib\ai\job-processor.ts:113:35)
[17/05/2026 06:17:20 UTC] [INFO] [AI] JOB_STATUS_UPDATE: Job f718eb1c-21e9-43b1-8af4-b060e82c5f7f: Transcribing audio...
[17/05/2026 06:17:20 UTC] [INFO] [AI] [Client:2/EDM] AI_TRANSCRIPTION_REQUEST: Job f718eb1c-21e9-43b1-8af4-b060e82c5f7f transcribing audio | Details: {"model":"whisper-1","billedRate":5}
[17/05/2026 06:17:25 UTC] [INFO] [AI] JOB_PROGRESS_SYNC: Synced incremental results for Job a50b3e0c-7a9e-4ecf-bd1a-72f1ff6edcec (5 modules completed)
[17/05/2026 06:17:25 UTC] [INFO] [AI] JOB_PROCESSOR_DONE: Job a50b3e0c-7a9e-4ecf-bd1a-72f1ff6edcec finished with status: completed | Details: {"clientId":2,"billedTotalCost":0,"successfulModules":["transcription","subtitles","ad_breaks","promo_breaks","metadata"],"failedModules":[],"resultTypes":["transcription","subtitles",null,null,null],"totalResults":5}
[17/05/2026 06:17:25 UTC] [INFO] [AI] [Client:2] [Job:7f0d467f-a05f-4e8f-aa30-13bcd0754246] AI_TRANSCRIPTION_SKIPPED: Job 7f0d467f-a05f-4e8f-aa30-13bcd0754246 using existing transcription
[17/05/2026 06:17:25 UTC] [INFO] [AI] [Client:2] [Job:7f0d467f-a05f-4e8f-aa30-13bcd0754246] AI_ALL_MODULES_SKIPPED: Job 7f0d467f-a05f-4e8f-aa30-13bcd0754246 all modules already completed
[17/05/2026 06:17:25 UTC] [INFO] [AI] JOB_PROGRESS_SYNC: Synced incremental results for Job 7f0d467f-a05f-4e8f-aa30-13bcd0754246 (6 modules completed)
[17/05/2026 06:17:25 UTC] [INFO] [AI] JOB_PROCESSOR_DONE: Job 7f0d467f-a05f-4e8f-aa30-13bcd0754246 finished with status: completed | Details: {"clientId":2,"billedTotalCost":0,"successfulModules":["transcription","subtitles"],"failedModules":[],"resultTypes":["transcription","subtitles",null,null,null,null],"totalResults":6}
[17/05/2026 06:17:25 UTC] [INFO] [AI] [Client:2] [Job:a39db6d9-be11-447e-bdcb-f44dc750d1b8] AI_TRANSCRIPTION_SKIPPED: Job a39db6d9-be11-447e-bdcb-f44dc750d1b8 using existing transcription
[17/05/2026 06:17:25 UTC] [INFO] [AI] JOB_STATUS_UPDATE: Job a39db6d9-be11-447e-bdcb-f44dc750d1b8: Translating to es...
[17/05/2026 06:17:25 UTC] [INFO] [AI] [Client:2] [Job:a39db6d9-be11-447e-bdcb-f44dc750d1b8] AI_TRANSLATION_SKIPPED: Job a39db6d9-be11-447e-bdcb-f44dc750d1b8 using existing es translation
[17/05/2026 06:17:25 UTC] [INFO] [AI] JOB_PROGRESS_SYNC: Synced incremental results for Job a39db6d9-be11-447e-bdcb-f44dc750d1b8 (6 modules completed)
[17/05/2026 06:17:25 UTC] [INFO] [AI] JOB_PROCESSOR_DONE: Job a39db6d9-be11-447e-bdcb-f44dc750d1b8 finished with status: completed | Details: {"clientId":2,"billedTotalCost":0,"successfulModules":["transcription","subtitles"],"failedModules":[],"resultTypes":["transcription","subtitles",null,null,null,null],"totalResults":6}
[17/05/2026 06:17:25 UTC] [INFO] [AI] [Client:2] [Job:4ca7a311-d5ac-4cfc-800a-3e4c41ffdb1a] AI_TRANSCRIPTION_SKIPPED: Job 4ca7a311-d5ac-4cfc-800a-3e4c41ffdb1a using existing transcription
[17/05/2026 06:17:25 UTC] [INFO] [AI] JOB_STATUS_UPDATE: Job 4ca7a311-d5ac-4cfc-800a-3e4c41ffdb1a: Translating to es...
[17/05/2026 06:17:25 UTC] [INFO] [AI] [Client:2] [Job:4ca7a311-d5ac-4cfc-800a-3e4c41ffdb1a] AI_TRANSLATION_SKIPPED: Job 4ca7a311-d5ac-4cfc-800a-3e4c41ffdb1a using existing es translation
[17/05/2026 06:17:25 UTC] [INFO] [AI] JOB_PROGRESS_SYNC: Synced incremental results for Job 4ca7a311-d5ac-4cfc-800a-3e4c41ffdb1a (6 modules completed)
[17/05/2026 06:17:25 UTC] [INFO] [AI] JOB_PROCESSOR_DONE: Job 4ca7a311-d5ac-4cfc-800a-3e4c41ffdb1a finished with status: completed | Details: {"clientId":2,"billedTotalCost":0,"successfulModules":["transcription","subtitles"],"failedModules":[],"resultTypes":["transcription","subtitles",null,null,null,null],"totalResults":6}
[17/05/2026 06:17:25 UTC] [INFO] [AI] [Client:2] [Job:2b7c21c5-839f-44f4-b6ed-aa40aa3c8560] AI_TRANSCRIPTION_SKIPPED: Job 2b7c21c5-839f-44f4-b6ed-aa40aa3c8560 using existing transcription
[17/05/2026 06:17:25 UTC] [INFO] [AI] JOB_STATUS_UPDATE: Job 2b7c21c5-839f-44f4-b6ed-aa40aa3c8560: Translating to es...
[17/05/2026 06:17:25 UTC] [INFO] [AI] [Client:2] [Job:2b7c21c5-839f-44f4-b6ed-aa40aa3c8560] AI_TRANSLATION_SKIPPED: Job 2b7c21c5-839f-44f4-b6ed-aa40aa3c8560 using existing es translation
[17/05/2026 06:17:25 UTC] [INFO] [AI] JOB_PROGRESS_SYNC: Synced incremental results for Job 2b7c21c5-839f-44f4-b6ed-aa40aa3c8560 (6 modules completed)
[17/05/2026 06:17:25 UTC] [INFO] [AI] JOB_PROCESSOR_DONE: Job 2b7c21c5-839f-44f4-b6ed-aa40aa3c8560 finished with status: completed | Details: {"clientId":2,"billedTotalCost":0,"successfulModules":["transcription","subtitles"],"failedModules":[],"resultTypes":["transcription","subtitles",null,null,null,null],"totalResults":6}
[17/05/2026 06:17:25 UTC] [INFO] [AI] [Client:2] [Job:a022be12-b730-49c6-96c2-2830548e3946] AI_TRANSCRIPTION_SKIPPED: Job a022be12-b730-49c6-96c2-2830548e3946 using existing transcription
[17/05/2026 06:17:25 UTC] [INFO] [AI] JOB_STATUS_UPDATE: Job a022be12-b730-49c6-96c2-2830548e3946: Translating to en...
[17/05/2026 06:17:25 UTC] [INFO] [AI] JOB_STATUS_UPDATE: Job a022be12-b730-49c6-96c2-2830548e3946: Translating to zh...
[17/05/2026 06:17:25 UTC] [INFO] [AI] AI_TRANSLATION_BATCHING: Translating zh in 5 batches for Job a022be12-b730-49c6-96c2-2830548e3946
[17/05/2026 06:17:26 UTC] [ERROR] [AI] JOB_PROCESSOR_ERROR: Job f718eb1c-21e9-43b1-8af4-b060e82c5f7f failed: Whisper transcription failed: ENOENT: no such file or directory, stat 'C:\GOOGLE_AntiGravity\cuepoint-server\uploads\e05662e497cea73a3ebe849eeac4dcd8' | Details: {"clientId":2} | Error: Error: Whisper transcription failed: ENOENT: no such file or directory, stat 'C:\GOOGLE_AntiGravity\cuepoint-server\uploads\e05662e497cea73a3ebe849eeac4dcd8'
    at WhisperClient.transcribe (C:\GOOGLE_AntiGravity\cuepoint-server\src\lib\ai\whisper.ts:80:19)
    at WhisperClient.transcribeWithRetry (C:\GOOGLE_AntiGravity\cuepoint-server\src\lib\ai\whisper.ts:88:35)
    at processAiJob (C:\GOOGLE_AntiGravity\cuepoint-server\src\lib\ai\job-processor.ts:113:35)
[17/05/2026 06:17:26 UTC] [INFO] [AI] [Client:2] [Job:974386ee-c07e-4c6f-96b8-1113a36e2260] AI_TRANSCRIPTION_SKIPPED: Job 974386ee-c07e-4c6f-96b8-1113a36e2260 using existing transcription
[17/05/2026 06:17:26 UTC] [INFO] [AI] JOB_STATUS_UPDATE: Job 974386ee-c07e-4c6f-96b8-1113a36e2260: Analyzing metadata...
[17/05/2026 06:17:26 UTC] [INFO] [AI] JOB_STATUS_UPDATE: Job 974386ee-c07e-4c6f-96b8-1113a36e2260: Analyzing ad_breaks...
[17/05/2026 06:17:26 UTC] [INFO] [AI] JOB_STATUS_UPDATE: Job 974386ee-c07e-4c6f-96b8-1113a36e2260: Analyzing promo_breaks...
[17/05/2026 06:17:26 UTC] [INFO] [AI] JOB_STATUS_UPDATE: Job 974386ee-c07e-4c6f-96b8-1113a36e2260: Translating to en...
[17/05/2026 06:17:26 UTC] [INFO] [AI] JOB_STATUS_UPDATE: Job 974386ee-c07e-4c6f-96b8-1113a36e2260: Translating to zh...
[17/05/2026 06:17:26 UTC] [INFO] [AI] AI_TRANSLATION_BATCHING: Translating zh in 5 batches for Job 974386ee-c07e-4c6f-96b8-1113a36e2260
[17/05/2026 06:21:44 UTC] [INFO] [AI] AI_JSON_REPAIR_TRIGGERED: Attempting to salvage truncated JSON for subtitle_translation-zh
[17/05/2026 06:21:44 UTC] [WARN] [AI] PARSE_RECOVERY_FAILED: Failed to recover JSON from response: Expected ',' or ']' after array element in JSON at position 16076 (line 294 column 54)
[17/05/2026 06:21:48 UTC] [INFO] [AI] JOB_STATUS_UPDATE: Job 974386ee-c07e-4c6f-96b8-1113a36e2260: Translating to ko...
[17/05/2026 06:21:48 UTC] [INFO] [AI] AI_TRANSLATION_BATCHING: Translating ko in 5 batches for Job 974386ee-c07e-4c6f-96b8-1113a36e2260
[17/05/2026 06:22:21 UTC] [INFO] [AI] JOB_STATUS_UPDATE: Job a022be12-b730-49c6-96c2-2830548e3946: Translating to ko...
[17/05/2026 06:22:21 UTC] [INFO] [AI] AI_TRANSLATION_BATCHING: Translating ko in 5 batches for Job a022be12-b730-49c6-96c2-2830548e3946
[17/05/2026 06:26:50 UTC] [INFO] [AI] JOB_PROGRESS_SYNC: Synced incremental results for Job 974386ee-c07e-4c6f-96b8-1113a36e2260 (7 modules completed)
[17/05/2026 06:26:50 UTC] [INFO] [AI] JOB_PROCESSOR_DONE: Job 974386ee-c07e-4c6f-96b8-1113a36e2260 finished with status: completed | Details: {"clientId":2,"billedTotalCost":0,"successfulModules":["transcription","subtitles","promo_breaks","ad_breaks","metadata","subtitle_translation"],"failedModules":[],"resultTypes":["transcription","subtitles",null,null,null,null,null],"totalResults":7}
[17/05/2026 06:26:50 UTC] [INFO] [AI] [Client:2] [Job:53dd2d1a-cb3a-48c1-85d3-7479f5cc2e33] AI_TRANSCRIPTION_SKIPPED: Job 53dd2d1a-cb3a-48c1-85d3-7479f5cc2e33 using existing transcription
[17/05/2026 06:26:50 UTC] [INFO] [AI] JOB_STATUS_UPDATE: Job 53dd2d1a-cb3a-48c1-85d3-7479f5cc2e33: Translating to en...
[17/05/2026 06:26:50 UTC] [INFO] [AI] JOB_STATUS_UPDATE: Job 53dd2d1a-cb3a-48c1-85d3-7479f5cc2e33: Translating to zh...
[17/05/2026 06:26:50 UTC] [INFO] [AI] [Client:2] [Job:53dd2d1a-cb3a-48c1-85d3-7479f5cc2e33] AI_TRANSLATION_SKIPPED: Job 53dd2d1a-cb3a-48c1-85d3-7479f5cc2e33 using existing zh translation
[17/05/2026 06:26:50 UTC] [INFO] [AI] JOB_STATUS_UPDATE: Job 53dd2d1a-cb3a-48c1-85d3-7479f5cc2e33: Translating to ko...
[17/05/2026 06:26:50 UTC] [INFO] [AI] [Client:2] [Job:53dd2d1a-cb3a-48c1-85d3-7479f5cc2e33] AI_TRANSLATION_SKIPPED: Job 53dd2d1a-cb3a-48c1-85d3-7479f5cc2e33 using existing ko translation
[17/05/2026 06:26:50 UTC] [INFO] [AI] JOB_PROGRESS_SYNC: Synced incremental results for Job 53dd2d1a-cb3a-48c1-85d3-7479f5cc2e33 (8 modules completed)
[17/05/2026 06:26:50 UTC] [INFO] [AI] JOB_PROCESSOR_DONE: Job 53dd2d1a-cb3a-48c1-85d3-7479f5cc2e33 finished with status: completed | Details: {"clientId":2,"billedTotalCost":0,"successfulModules":["transcription","subtitles"],"failedModules":[],"resultTypes":["transcription","subtitles",null,null,null,null,null,null],"totalResults":8}
[17/05/2026 06:26:50 UTC] [INFO] [AI] [Client:2] [Job:3e36066a-4b56-434d-8fc6-28a9d36f9b2c] AI_TRANSCRIPTION_SKIPPED: Job 3e36066a-4b56-434d-8fc6-28a9d36f9b2c using existing transcription
[17/05/2026 06:26:50 UTC] [INFO] [AI] JOB_STATUS_UPDATE: Job 3e36066a-4b56-434d-8fc6-28a9d36f9b2c: Translating to en...
[17/05/2026 06:26:50 UTC] [INFO] [AI] JOB_STATUS_UPDATE: Job 3e36066a-4b56-434d-8fc6-28a9d36f9b2c: Translating to zh...
[17/05/2026 06:26:50 UTC] [INFO] [AI] [Client:2] [Job:3e36066a-4b56-434d-8fc6-28a9d36f9b2c] AI_TRANSLATION_SKIPPED: Job 3e36066a-4b56-434d-8fc6-28a9d36f9b2c using existing zh translation
[17/05/2026 06:26:50 UTC] [INFO] [AI] JOB_STATUS_UPDATE: Job 3e36066a-4b56-434d-8fc6-28a9d36f9b2c: Translating to ko...
[17/05/2026 06:26:50 UTC] [INFO] [AI] [Client:2] [Job:3e36066a-4b56-434d-8fc6-28a9d36f9b2c] AI_TRANSLATION_SKIPPED: Job 3e36066a-4b56-434d-8fc6-28a9d36f9b2c using existing ko translation
[17/05/2026 06:26:50 UTC] [INFO] [AI] JOB_PROGRESS_SYNC: Synced incremental results for Job 3e36066a-4b56-434d-8fc6-28a9d36f9b2c (8 modules completed)
[17/05/2026 06:26:50 UTC] [INFO] [AI] JOB_PROCESSOR_DONE: Job 3e36066a-4b56-434d-8fc6-28a9d36f9b2c finished with status: completed | Details: {"clientId":2,"billedTotalCost":0,"successfulModules":["transcription","subtitles"],"failedModules":[],"resultTypes":["transcription","subtitles",null,null,null,null,null,null],"totalResults":8}
[17/05/2026 06:26:50 UTC] [INFO] [AI] [Client:2] [Job:cae54579-ade7-4aef-9c93-9bf330a836b8] AI_TRANSCRIPTION_SKIPPED: Job cae54579-ade7-4aef-9c93-9bf330a836b8 using existing transcription
[17/05/2026 06:26:50 UTC] [INFO] [AI] JOB_STATUS_UPDATE: Job cae54579-ade7-4aef-9c93-9bf330a836b8: Translating to en...
[17/05/2026 06:26:50 UTC] [INFO] [AI] JOB_STATUS_UPDATE: Job cae54579-ade7-4aef-9c93-9bf330a836b8: Translating to zh...
[17/05/2026 06:26:50 UTC] [INFO] [AI] AI_TRANSLATION_BATCHING: Translating zh in 5 batches for Job cae54579-ade7-4aef-9c93-9bf330a836b8
[17/05/2026 06:27:21 UTC] [INFO] [AI] AI_JSON_REPAIR_TRIGGERED: Attempting to salvage truncated JSON for subtitle_translation-ko
[17/05/2026 06:27:21 UTC] [WARN] [AI] PARSE_RECOVERY_FAILED: Failed to recover JSON from response: Expected ',' or ']' after array element in JSON at position 15808 (line 284 column 55)
[17/05/2026 06:28:00 UTC] [INFO] [AI] JOB_PROGRESS_SYNC: Synced incremental results for Job a022be12-b730-49c6-96c2-2830548e3946 (8 modules completed)
[17/05/2026 06:28:00 UTC] [INFO] [AI] JOB_PROCESSOR_DONE: Job a022be12-b730-49c6-96c2-2830548e3946 finished with status: completed | Details: {"clientId":2,"billedTotalCost":0,"successfulModules":["transcription","subtitles","subtitle_translation"],"failedModules":[],"resultTypes":["transcription","subtitles",null,null,null,null,null,null],"totalResults":8}
[17/05/2026 06:28:00 UTC] [INFO] [AI] [Client:2] [Job:e81e9a10-8ace-410b-92de-4d405327b1f3] AI_TRANSCRIPTION_SKIPPED: Job e81e9a10-8ace-410b-92de-4d405327b1f3 using existing transcription
[17/05/2026 06:28:00 UTC] [INFO] [AI] JOB_STATUS_UPDATE: Job e81e9a10-8ace-410b-92de-4d405327b1f3: Translating to en...
[17/05/2026 06:28:00 UTC] [INFO] [AI] JOB_STATUS_UPDATE: Job e81e9a10-8ace-410b-92de-4d405327b1f3: Translating to zh...
[17/05/2026 06:28:00 UTC] [INFO] [AI] AI_TRANSLATION_BATCHING: Translating zh in 5 batches for Job e81e9a10-8ace-410b-92de-4d405327b1f3
[17/05/2026 06:31:12 UTC] [INFO] [AI] JOB_STATUS_UPDATE: Job cae54579-ade7-4aef-9c93-9bf330a836b8: Translating to ko...
[17/05/2026 06:31:12 UTC] [INFO] [AI] [Client:2] [Job:cae54579-ade7-4aef-9c93-9bf330a836b8] AI_TRANSLATION_SKIPPED: Job cae54579-ade7-4aef-9c93-9bf330a836b8 using existing ko translation
[17/05/2026 06:31:12 UTC] [INFO] [AI] JOB_PROGRESS_SYNC: Synced incremental results for Job cae54579-ade7-4aef-9c93-9bf330a836b8 (8 modules completed)
[17/05/2026 06:31:12 UTC] [INFO] [AI] JOB_PROCESSOR_DONE: Job cae54579-ade7-4aef-9c93-9bf330a836b8 finished with status: completed | Details: {"clientId":2,"billedTotalCost":0,"successfulModules":["transcription","subtitles","subtitle_translation"],"failedModules":[],"resultTypes":["transcription","subtitles",null,null,null,null,null,null],"totalResults":8}
[17/05/2026 06:31:12 UTC] [INFO] [AI] [Client:2] [Job:2747ed10-51f3-47aa-b02f-9774749d5875] AI_TRANSCRIPTION_SKIPPED: Job 2747ed10-51f3-47aa-b02f-9774749d5875 using existing transcription
[17/05/2026 06:31:12 UTC] [INFO] [AI] JOB_STATUS_UPDATE: Job 2747ed10-51f3-47aa-b02f-9774749d5875: Translating to en...
[17/05/2026 06:31:12 UTC] [INFO] [AI] JOB_STATUS_UPDATE: Job 2747ed10-51f3-47aa-b02f-9774749d5875: Translating to zh...
[17/05/2026 06:31:12 UTC] [INFO] [AI] AI_TRANSLATION_BATCHING: Translating zh in 5 batches for Job 2747ed10-51f3-47aa-b02f-9774749d5875
[17/05/2026 06:38:55 UTC] [INFO] [SYSTEM] BOOT: Server started on port 3001 (v1.0.0)
[17/05/2026 06:39:00 UTC] [INFO] [AI] [Client:2] [Job:e81e9a10-8ace-410b-92de-4d405327b1f3] AI_TRANSCRIPTION_SKIPPED: Job e81e9a10-8ace-410b-92de-4d405327b1f3 using existing transcription
[17/05/2026 06:39:00 UTC] [INFO] [AI] [Client:2] [Job:2747ed10-51f3-47aa-b02f-9774749d5875] AI_TRANSCRIPTION_SKIPPED: Job 2747ed10-51f3-47aa-b02f-9774749d5875 using existing transcription
[17/05/2026 06:39:00 UTC] [INFO] [AI] JOB_STATUS_UPDATE: Job e81e9a10-8ace-410b-92de-4d405327b1f3: Translating to en...
[17/05/2026 06:39:00 UTC] [INFO] [AI] JOB_STATUS_UPDATE: Job e81e9a10-8ace-410b-92de-4d405327b1f3: Translating to zh...
[17/05/2026 06:39:00 UTC] [INFO] [AI] AI_TRANSLATION_BATCHING: Translating zh in 5 batches for Job e81e9a10-8ace-410b-92de-4d405327b1f3
[17/05/2026 06:39:00 UTC] [INFO] [AI] JOB_STATUS_UPDATE: Job 2747ed10-51f3-47aa-b02f-9774749d5875: Translating to en...
[17/05/2026 06:39:00 UTC] [INFO] [AI] JOB_STATUS_UPDATE: Job 2747ed10-51f3-47aa-b02f-9774749d5875: Translating to zh...
[17/05/2026 06:39:00 UTC] [INFO] [AI] AI_TRANSLATION_BATCHING: Translating zh in 5 batches for Job 2747ed10-51f3-47aa-b02f-9774749d5875
[17/05/2026 06:43:15 UTC] [ERROR] [AI] TRANSLATION_LANG_FAILED: Translation to zh failed for job 2747ed10-51f3-47aa-b02f-9774749d5875: OpenRouter API failed: 403 Key limit exceeded (total limit). Manage it using https://openrouter.ai/workspaces/default/keys/9090c8fc4c1549dcde5bedd60676ea4bc7cb01696402f2be3261faf630d98cdf
[17/05/2026 06:43:15 UTC] [INFO] [AI] JOB_STATUS_UPDATE: Job 2747ed10-51f3-47aa-b02f-9774749d5875: Translating to ko...
[17/05/2026 06:43:15 UTC] [INFO] [AI] [Client:2] [Job:2747ed10-51f3-47aa-b02f-9774749d5875] AI_TRANSLATION_SKIPPED: Job 2747ed10-51f3-47aa-b02f-9774749d5875 using existing ko translation
[17/05/2026 06:43:15 UTC] [INFO] [AI] JOB_PROGRESS_SYNC: Synced incremental results for Job 2747ed10-51f3-47aa-b02f-9774749d5875 (8 modules completed)
[17/05/2026 06:43:15 UTC] [INFO] [AI] JOB_PROCESSOR_DONE: Job 2747ed10-51f3-47aa-b02f-9774749d5875 finished with status: partial | Details: {"clientId":2,"billedTotalCost":0,"successfulModules":["transcription","subtitles"],"failedModules":["subtitle_translation"],"resultTypes":["transcription","subtitles",null,null,null,null,null,null],"totalResults":8}
[17/05/2026 06:43:15 UTC] [INFO] [AI] [Client:2] AI_AUDIO_RETAINED: Job 2747ed10-51f3-47aa-b02f-9774749d5875 audio retained for rerunning failed modules: subtitle_translation
[17/05/2026 06:43:15 UTC] [INFO] [AI] [Client:2] [Job:5dd2b364-77e7-4088-bd74-5c9f92c24abd] AI_TRANSCRIPTION_SKIPPED: Job 5dd2b364-77e7-4088-bd74-5c9f92c24abd using existing transcription
[17/05/2026 06:43:15 UTC] [INFO] [AI] JOB_STATUS_UPDATE: Job 5dd2b364-77e7-4088-bd74-5c9f92c24abd: Translating to en...
[17/05/2026 06:43:15 UTC] [INFO] [AI] JOB_STATUS_UPDATE: Job 5dd2b364-77e7-4088-bd74-5c9f92c24abd: Translating to zh...
[17/05/2026 06:43:15 UTC] [INFO] [AI] AI_TRANSLATION_BATCHING: Translating zh in 5 batches for Job 5dd2b364-77e7-4088-bd74-5c9f92c24abd
[17/05/2026 06:43:19 UTC] [ERROR] [AI] TRANSLATION_LANG_FAILED: Translation to zh failed for job 5dd2b364-77e7-4088-bd74-5c9f92c24abd: OpenRouter API failed: 403 Key limit exceeded (total limit). Manage it using https://openrouter.ai/workspaces/default/keys/9090c8fc4c1549dcde5bedd60676ea4bc7cb01696402f2be3261faf630d98cdf
[17/05/2026 06:43:19 UTC] [INFO] [AI] JOB_STATUS_UPDATE: Job 5dd2b364-77e7-4088-bd74-5c9f92c24abd: Translating to ko...
[17/05/2026 06:43:19 UTC] [INFO] [AI] [Client:2] [Job:5dd2b364-77e7-4088-bd74-5c9f92c24abd] AI_TRANSLATION_SKIPPED: Job 5dd2b364-77e7-4088-bd74-5c9f92c24abd using existing ko translation
[17/05/2026 06:43:19 UTC] [INFO] [AI] JOB_PROGRESS_SYNC: Synced incremental results for Job 5dd2b364-77e7-4088-bd74-5c9f92c24abd (8 modules completed)
[17/05/2026 06:43:19 UTC] [INFO] [AI] JOB_PROCESSOR_DONE: Job 5dd2b364-77e7-4088-bd74-5c9f92c24abd finished with status: partial | Details: {"clientId":2,"billedTotalCost":0,"successfulModules":["transcription","subtitles"],"failedModules":["subtitle_translation"],"resultTypes":["transcription","subtitles",null,null,null,null,null,null],"totalResults":8}
[17/05/2026 06:43:19 UTC] [INFO] [AI] [Client:2] AI_AUDIO_RETAINED: Job 5dd2b364-77e7-4088-bd74-5c9f92c24abd audio retained for rerunning failed modules: subtitle_translation
[17/05/2026 06:43:19 UTC] [INFO] [AI] [Client:2] [Job:beea4ea2-019f-44fe-b6b8-d79a18810a4f] AI_TRANSCRIPTION_SKIPPED: Job beea4ea2-019f-44fe-b6b8-d79a18810a4f using existing transcription
[17/05/2026 06:43:19 UTC] [INFO] [AI] JOB_STATUS_UPDATE: Job beea4ea2-019f-44fe-b6b8-d79a18810a4f: Translating to en...
[17/05/2026 06:43:19 UTC] [INFO] [AI] JOB_STATUS_UPDATE: Job beea4ea2-019f-44fe-b6b8-d79a18810a4f: Translating to zh...
[17/05/2026 06:43:19 UTC] [INFO] [AI] AI_TRANSLATION_BATCHING: Translating zh in 5 batches for Job beea4ea2-019f-44fe-b6b8-d79a18810a4f
[17/05/2026 06:43:22 UTC] [ERROR] [AI] TRANSLATION_LANG_FAILED: Translation to zh failed for job beea4ea2-019f-44fe-b6b8-d79a18810a4f: OpenRouter API failed: 403 Key limit exceeded (total limit). Manage it using https://openrouter.ai/workspaces/default/keys/9090c8fc4c1549dcde5bedd60676ea4bc7cb01696402f2be3261faf630d98cdf
[17/05/2026 06:43:22 UTC] [INFO] [AI] JOB_STATUS_UPDATE: Job beea4ea2-019f-44fe-b6b8-d79a18810a4f: Translating to ko...
[17/05/2026 06:43:22 UTC] [INFO] [AI] [Client:2] [Job:beea4ea2-019f-44fe-b6b8-d79a18810a4f] AI_TRANSLATION_SKIPPED: Job beea4ea2-019f-44fe-b6b8-d79a18810a4f using existing ko translation
[17/05/2026 06:43:22 UTC] [INFO] [AI] JOB_PROGRESS_SYNC: Synced incremental results for Job beea4ea2-019f-44fe-b6b8-d79a18810a4f (8 modules completed)
[17/05/2026 06:43:22 UTC] [INFO] [AI] JOB_PROCESSOR_DONE: Job beea4ea2-019f-44fe-b6b8-d79a18810a4f finished with status: partial | Details: {"clientId":2,"billedTotalCost":0,"successfulModules":["transcription","subtitles"],"failedModules":["subtitle_translation"],"resultTypes":["transcription","subtitles",null,null,null,null,null,null],"totalResults":8}
[17/05/2026 06:43:22 UTC] [INFO] [AI] [Client:2] AI_AUDIO_RETAINED: Job beea4ea2-019f-44fe-b6b8-d79a18810a4f audio retained for rerunning failed modules: subtitle_translation
[17/05/2026 06:43:22 UTC] [INFO] [AI] TRANSCRIPTION_FALLBACK: Searching for existing transcription for asset EDM-260419-34A9
[17/05/2026 06:43:22 UTC] [INFO] [AI] TRANSCRIPTION_RECOVERED: Found transcription from sibling job for EDM-260419-34A9
[17/05/2026 06:43:22 UTC] [INFO] [AI] JOB_STATUS_UPDATE: Job a23ce0e7-90e8-41bc-b147-96683b816a03: Generating subtitles...
[17/05/2026 06:43:22 UTC] [INFO] [AI] JOB_PROGRESS_SYNC: Synced subtitles for Job a23ce0e7-90e8-41bc-b147-96683b816a03
[17/05/2026 06:43:22 UTC] [INFO] [AI] JOB_PROCESSOR_DONE: Job a23ce0e7-90e8-41bc-b147-96683b816a03 finished with status: completed | Details: {"clientId":2,"billedTotalCost":9,"successfulModules":["transcription","subtitles"],"failedModules":[],"resultTypes":["transcription","subtitles"],"totalResults":2}
[17/05/2026 06:43:22 UTC] [INFO] [AI] TRANSCRIPTION_FALLBACK: Searching for existing transcription for asset EDM-260419-34A9
[17/05/2026 06:43:22 UTC] [INFO] [AI] TRANSCRIPTION_RECOVERED: Found transcription from sibling job for EDM-260419-34A9
[17/05/2026 06:43:22 UTC] [INFO] [AI] JOB_STATUS_UPDATE: Job 6170a123-3b54-4826-ae09-3068c0b774f0: Generating subtitles...
[17/05/2026 06:43:22 UTC] [INFO] [AI] JOB_PROGRESS_SYNC: Synced subtitles for Job 6170a123-3b54-4826-ae09-3068c0b774f0
[17/05/2026 06:43:22 UTC] [INFO] [AI] JOB_PROCESSOR_DONE: Job 6170a123-3b54-4826-ae09-3068c0b774f0 finished with status: completed | Details: {"clientId":2,"billedTotalCost":9,"successfulModules":["transcription","subtitles"],"failedModules":[],"resultTypes":["transcription","subtitles"],"totalResults":2}
[17/05/2026 06:43:22 UTC] [INFO] [AI] [Client:2] [Job:08219e68-821c-46b3-b60e-9ec13b262030] AI_TRANSCRIPTION_SKIPPED: Job 08219e68-821c-46b3-b60e-9ec13b262030 using existing transcription
[17/05/2026 06:43:22 UTC] [INFO] [AI] JOB_PROCESSOR_DONE: Job 08219e68-821c-46b3-b60e-9ec13b262030 finished with status: completed | Details: {"clientId":2,"billedTotalCost":0,"successfulModules":["transcription","subtitles"],"failedModules":[],"resultTypes":["transcription","subtitles"],"totalResults":2}
[17/05/2026 06:43:22 UTC] [INFO] [AI] [Client:2] [Job:1b318d68-804e-4612-bcb9-9f68e1e6a866] AI_TRANSCRIPTION_SKIPPED: Job 1b318d68-804e-4612-bcb9-9f68e1e6a866 using existing transcription
[17/05/2026 06:43:22 UTC] [INFO] [AI] JOB_STATUS_UPDATE: Job 1b318d68-804e-4612-bcb9-9f68e1e6a866: Translating to en...
[17/05/2026 06:43:22 UTC] [INFO] [AI] JOB_STATUS_UPDATE: Job 1b318d68-804e-4612-bcb9-9f68e1e6a866: Translating to zh...
[17/05/2026 06:43:22 UTC] [INFO] [AI] AI_TRANSLATION_BATCHING: Translating zh in 5 batches for Job 1b318d68-804e-4612-bcb9-9f68e1e6a866
[17/05/2026 06:43:25 UTC] [ERROR] [AI] TRANSLATION_LANG_FAILED: Translation to zh failed for job 1b318d68-804e-4612-bcb9-9f68e1e6a866: OpenRouter API failed: 403 Key limit exceeded (total limit). Manage it using https://openrouter.ai/workspaces/default/keys/9090c8fc4c1549dcde5bedd60676ea4bc7cb01696402f2be3261faf630d98cdf
[17/05/2026 06:43:25 UTC] [INFO] [AI] JOB_STATUS_UPDATE: Job 1b318d68-804e-4612-bcb9-9f68e1e6a866: Translating to ko...
[17/05/2026 06:43:25 UTC] [INFO] [AI] [Client:2] [Job:1b318d68-804e-4612-bcb9-9f68e1e6a866] AI_TRANSLATION_SKIPPED: Job 1b318d68-804e-4612-bcb9-9f68e1e6a866 using existing ko translation
[17/05/2026 06:43:25 UTC] [INFO] [AI] JOB_PROGRESS_SYNC: Synced incremental results for Job 1b318d68-804e-4612-bcb9-9f68e1e6a866 (8 modules completed)
[17/05/2026 06:43:25 UTC] [INFO] [AI] JOB_PROCESSOR_DONE: Job 1b318d68-804e-4612-bcb9-9f68e1e6a866 finished with status: partial | Details: {"clientId":2,"billedTotalCost":0,"successfulModules":["transcription","subtitles"],"failedModules":["subtitle_translation"],"resultTypes":["transcription","subtitles",null,null,null,null,null,null],"totalResults":8}
[17/05/2026 06:43:25 UTC] [INFO] [AI] [Client:2] AI_AUDIO_RETAINED: Job 1b318d68-804e-4612-bcb9-9f68e1e6a866 audio retained for rerunning failed modules: subtitle_translation
[17/05/2026 06:43:25 UTC] [INFO] [AI] [Client:2] [Job:de132632-7627-4a93-82dd-635964c1a4ff] AI_TRANSCRIPTION_SKIPPED: Job de132632-7627-4a93-82dd-635964c1a4ff using existing transcription
[17/05/2026 06:43:25 UTC] [INFO] [AI] JOB_STATUS_UPDATE: Job de132632-7627-4a93-82dd-635964c1a4ff: Translating to en...
[17/05/2026 06:43:25 UTC] [INFO] [AI] JOB_STATUS_UPDATE: Job de132632-7627-4a93-82dd-635964c1a4ff: Translating to zh...
[17/05/2026 06:43:25 UTC] [INFO] [AI] AI_TRANSLATION_BATCHING: Translating zh in 5 batches for Job de132632-7627-4a93-82dd-635964c1a4ff
[17/05/2026 06:43:28 UTC] [ERROR] [AI] TRANSLATION_LANG_FAILED: Translation to zh failed for job de132632-7627-4a93-82dd-635964c1a4ff: OpenRouter API failed: 403 Key limit exceeded (total limit). Manage it using https://openrouter.ai/workspaces/default/keys/9090c8fc4c1549dcde5bedd60676ea4bc7cb01696402f2be3261faf630d98cdf
[17/05/2026 06:43:28 UTC] [INFO] [AI] JOB_STATUS_UPDATE: Job de132632-7627-4a93-82dd-635964c1a4ff: Translating to ko...
[17/05/2026 06:43:28 UTC] [INFO] [AI] AI_TRANSLATION_BATCHING: Translating ko in 5 batches for Job de132632-7627-4a93-82dd-635964c1a4ff
[17/05/2026 06:43:31 UTC] [ERROR] [AI] TRANSLATION_LANG_FAILED: Translation to ko failed for job de132632-7627-4a93-82dd-635964c1a4ff: OpenRouter API failed: 403 Key limit exceeded (total limit). Manage it using https://openrouter.ai/workspaces/default/keys/9090c8fc4c1549dcde5bedd60676ea4bc7cb01696402f2be3261faf630d98cdf
[17/05/2026 06:43:31 UTC] [INFO] [AI] JOB_PROGRESS_SYNC: Synced incremental results for Job de132632-7627-4a93-82dd-635964c1a4ff (8 modules completed)
[17/05/2026 06:43:31 UTC] [INFO] [AI] JOB_PROCESSOR_DONE: Job de132632-7627-4a93-82dd-635964c1a4ff finished with status: partial | Details: {"clientId":2,"billedTotalCost":0,"successfulModules":["transcription","subtitles"],"failedModules":["subtitle_translation"],"resultTypes":["transcription","subtitles",null,null,null,null,null,null],"totalResults":8}
[17/05/2026 06:43:31 UTC] [INFO] [AI] [Client:2] AI_AUDIO_RETAINED: Job de132632-7627-4a93-82dd-635964c1a4ff audio retained for rerunning failed modules: subtitle_translation
[17/05/2026 06:43:31 UTC] [INFO] [AI] [Client:2] [Job:e5d4e0cb-b3fc-4e6b-8fbd-d1803e1387f0] AI_TRANSCRIPTION_SKIPPED: Job e5d4e0cb-b3fc-4e6b-8fbd-d1803e1387f0 using existing transcription
[17/05/2026 06:43:31 UTC] [INFO] [AI] JOB_STATUS_UPDATE: Job e5d4e0cb-b3fc-4e6b-8fbd-d1803e1387f0: Analyzing metadata...
[17/05/2026 06:43:31 UTC] [INFO] [AI] JOB_STATUS_UPDATE: Job e5d4e0cb-b3fc-4e6b-8fbd-d1803e1387f0: Analyzing ad_breaks...
[17/05/2026 06:43:31 UTC] [INFO] [AI] JOB_STATUS_UPDATE: Job e5d4e0cb-b3fc-4e6b-8fbd-d1803e1387f0: Analyzing promo_breaks...
[17/05/2026 06:43:31 UTC] [INFO] [AI] JOB_STATUS_UPDATE: Job e5d4e0cb-b3fc-4e6b-8fbd-d1803e1387f0: Translating to en...
[17/05/2026 06:43:31 UTC] [INFO] [AI] JOB_STATUS_UPDATE: Job e5d4e0cb-b3fc-4e6b-8fbd-d1803e1387f0: Translating to zh...
[17/05/2026 06:43:31 UTC] [INFO] [AI] AI_TRANSLATION_BATCHING: Translating zh in 5 batches for Job e5d4e0cb-b3fc-4e6b-8fbd-d1803e1387f0
[17/05/2026 06:43:35 UTC] [ERROR] [AI] MODULE_FAILED: Module metadata failed: OpenRouter API failed: 403 Key limit exceeded (total limit). Manage it using https://openrouter.ai/workspaces/default/keys/9090c8fc4c1549dcde5bedd60676ea4bc7cb01696402f2be3261faf630d98cdf | Details: {"clientId":2} | Error: Error: OpenRouter API failed: 403 Key limit exceeded (total limit). Manage it using https://openrouter.ai/workspaces/default/keys/9090c8fc4c1549dcde5bedd60676ea4bc7cb01696402f2be3261faf630d98cdf
    at OpenRouterClient.complete (C:\GOOGLE_AntiGravity\cuepoint-server\src\lib\ai\openrouter.ts:128:19)
    at processTicksAndRejections (node:internal/process/task_queues:105:5)
    at OpenRouterClient.completeWithRetry (C:\GOOGLE_AntiGravity\cuepoint-server\src\lib\ai\openrouter.ts:137:24)
    at callAI (C:\GOOGLE_AntiGravity\cuepoint-server\src\lib\ai\job-processor.ts:371:40)
    at C:\GOOGLE_AntiGravity\cuepoint-server\src\lib\ai\job-processor.ts:697:44
    at async Promise.all (index 0)
    at processAiJob (C:\GOOGLE_AntiGravity\cuepoint-server\src\lib\ai\job-processor.ts:755:35)
[17/05/2026 06:43:35 UTC] [ERROR] [AI] MODULE_FAILED: Module ad_breaks failed: OpenRouter API failed: 403 Key limit exceeded (total limit). Manage it using https://openrouter.ai/workspaces/default/keys/9090c8fc4c1549dcde5bedd60676ea4bc7cb01696402f2be3261faf630d98cdf | Details: {"clientId":2} | Error: Error: OpenRouter API failed: 403 Key limit exceeded (total limit). Manage it using https://openrouter.ai/workspaces/default/keys/9090c8fc4c1549dcde5bedd60676ea4bc7cb01696402f2be3261faf630d98cdf
    at OpenRouterClient.complete (C:\GOOGLE_AntiGravity\cuepoint-server\src\lib\ai\openrouter.ts:128:19)
    at processTicksAndRejections (node:internal/process/task_queues:105:5)
    at OpenRouterClient.completeWithRetry (C:\GOOGLE_AntiGravity\cuepoint-server\src\lib\ai\openrouter.ts:137:24)
    at callAI (C:\GOOGLE_AntiGravity\cuepoint-server\src\lib\ai\job-processor.ts:371:40)
    at C:\GOOGLE_AntiGravity\cuepoint-server\src\lib\ai\job-processor.ts:697:44
    at async Promise.all (index 1)
    at processAiJob (C:\GOOGLE_AntiGravity\cuepoint-server\src\lib\ai\job-processor.ts:755:35)
[17/05/2026 06:43:35 UTC] [ERROR] [AI] MODULE_FAILED: Module promo_breaks failed: OpenRouter API failed: 403 Key limit exceeded (total limit). Manage it using https://openrouter.ai/workspaces/default/keys/9090c8fc4c1549dcde5bedd60676ea4bc7cb01696402f2be3261faf630d98cdf | Details: {"clientId":2} | Error: Error: OpenRouter API failed: 403 Key limit exceeded (total limit). Manage it using https://openrouter.ai/workspaces/default/keys/9090c8fc4c1549dcde5bedd60676ea4bc7cb01696402f2be3261faf630d98cdf
    at OpenRouterClient.complete (C:\GOOGLE_AntiGravity\cuepoint-server\src\lib\ai\openrouter.ts:128:19)
    at processTicksAndRejections (node:internal/process/task_queues:105:5)
    at OpenRouterClient.completeWithRetry (C:\GOOGLE_AntiGravity\cuepoint-server\src\lib\ai\openrouter.ts:137:24)
    at callAI (C:\GOOGLE_AntiGravity\cuepoint-server\src\lib\ai\job-processor.ts:371:40)
    at C:\GOOGLE_AntiGravity\cuepoint-server\src\lib\ai\job-processor.ts:697:44
    at async Promise.all (index 2)
    at processAiJob (C:\GOOGLE_AntiGravity\cuepoint-server\src\lib\ai\job-processor.ts:755:35)
[17/05/2026 06:43:35 UTC] [ERROR] [AI] TRANSLATION_LANG_FAILED: Translation to zh failed for job e5d4e0cb-b3fc-4e6b-8fbd-d1803e1387f0: OpenRouter API failed: 403 Key limit exceeded (total limit). Manage it using https://openrouter.ai/workspaces/default/keys/9090c8fc4c1549dcde5bedd60676ea4bc7cb01696402f2be3261faf630d98cdf
[17/05/2026 06:43:35 UTC] [INFO] [AI] JOB_STATUS_UPDATE: Job e5d4e0cb-b3fc-4e6b-8fbd-d1803e1387f0: Translating to ko...
[17/05/2026 06:43:35 UTC] [INFO] [AI] AI_TRANSLATION_BATCHING: Translating ko in 5 batches for Job e5d4e0cb-b3fc-4e6b-8fbd-d1803e1387f0
[17/05/2026 06:43:37 UTC] [ERROR] [AI] TRANSLATION_LANG_FAILED: Translation to zh failed for job e81e9a10-8ace-410b-92de-4d405327b1f3: OpenRouter API failed: 403 Key limit exceeded (total limit). Manage it using https://openrouter.ai/workspaces/default/keys/9090c8fc4c1549dcde5bedd60676ea4bc7cb01696402f2be3261faf630d98cdf
[17/05/2026 06:43:37 UTC] [INFO] [AI] JOB_STATUS_UPDATE: Job e81e9a10-8ace-410b-92de-4d405327b1f3: Translating to ko...
[17/05/2026 06:43:37 UTC] [INFO] [AI] [Client:2] [Job:e81e9a10-8ace-410b-92de-4d405327b1f3] AI_TRANSLATION_SKIPPED: Job e81e9a10-8ace-410b-92de-4d405327b1f3 using existing ko translation
[17/05/2026 06:43:37 UTC] [INFO] [AI] JOB_PROGRESS_SYNC: Synced incremental results for Job e81e9a10-8ace-410b-92de-4d405327b1f3 (8 modules completed)
[17/05/2026 06:43:37 UTC] [INFO] [AI] JOB_PROCESSOR_DONE: Job e81e9a10-8ace-410b-92de-4d405327b1f3 finished with status: partial | Details: {"clientId":2,"billedTotalCost":0,"successfulModules":["transcription","subtitles"],"failedModules":["subtitle_translation"],"resultTypes":["transcription","subtitles",null,null,null,null,null,null],"totalResults":8}
[17/05/2026 06:43:37 UTC] [INFO] [AI] [Client:2] AI_AUDIO_RETAINED: Job e81e9a10-8ace-410b-92de-4d405327b1f3 audio retained for rerunning failed modules: subtitle_translation
[17/05/2026 06:43:37 UTC] [INFO] [AI] [Client:2] [Job:ca7f4452-b859-4c74-9de8-6954a999b337] AI_TRANSCRIPTION_SKIPPED: Job ca7f4452-b859-4c74-9de8-6954a999b337 using existing transcription
[17/05/2026 06:43:37 UTC] [INFO] [AI] JOB_STATUS_UPDATE: Job ca7f4452-b859-4c74-9de8-6954a999b337: Analyzing metadata...
[17/05/2026 06:43:37 UTC] [INFO] [AI] JOB_STATUS_UPDATE: Job ca7f4452-b859-4c74-9de8-6954a999b337: Analyzing ad_breaks...
[17/05/2026 06:43:37 UTC] [INFO] [AI] JOB_STATUS_UPDATE: Job ca7f4452-b859-4c74-9de8-6954a999b337: Analyzing promo_breaks...
[17/05/2026 06:43:37 UTC] [INFO] [AI] JOB_STATUS_UPDATE: Job ca7f4452-b859-4c74-9de8-6954a999b337: Translating to en...
[17/05/2026 06:43:37 UTC] [INFO] [AI] JOB_STATUS_UPDATE: Job ca7f4452-b859-4c74-9de8-6954a999b337: Translating to zh...
[17/05/2026 06:43:37 UTC] [INFO] [AI] AI_TRANSLATION_BATCHING: Translating zh in 5 batches for Job ca7f4452-b859-4c74-9de8-6954a999b337
[17/05/2026 06:43:38 UTC] [ERROR] [AI] TRANSLATION_LANG_FAILED: Translation to ko failed for job e5d4e0cb-b3fc-4e6b-8fbd-d1803e1387f0: OpenRouter API failed: 403 Key limit exceeded (total limit). Manage it using https://openrouter.ai/workspaces/default/keys/9090c8fc4c1549dcde5bedd60676ea4bc7cb01696402f2be3261faf630d98cdf
[17/05/2026 06:43:38 UTC] [INFO] [AI] JOB_PROGRESS_SYNC: Synced incremental results for Job e5d4e0cb-b3fc-4e6b-8fbd-d1803e1387f0 (7 modules completed)
[17/05/2026 06:43:38 UTC] [INFO] [AI] JOB_PROCESSOR_DONE: Job e5d4e0cb-b3fc-4e6b-8fbd-d1803e1387f0 finished with status: partial | Details: {"clientId":2,"billedTotalCost":0,"successfulModules":["transcription","subtitles"],"failedModules":["metadata","ad_breaks","promo_breaks","subtitle_translation"],"resultTypes":["transcription","subtitles",null,null,null,null,null],"totalResults":7}
[17/05/2026 06:43:38 UTC] [INFO] [AI] [Client:2] AI_AUDIO_RETAINED: Job e5d4e0cb-b3fc-4e6b-8fbd-d1803e1387f0 audio retained for rerunning failed modules: metadata, ad_breaks, promo_breaks, subtitle_translation
[17/05/2026 06:43:38 UTC] [INFO] [AI] [Client:2] [Job:c1912aff-fc6f-4837-b039-958b7a06d78e] AI_TRANSCRIPTION_SKIPPED: Job c1912aff-fc6f-4837-b039-958b7a06d78e using existing transcription
[17/05/2026 06:43:38 UTC] [INFO] [AI] JOB_STATUS_UPDATE: Job c1912aff-fc6f-4837-b039-958b7a06d78e: Analyzing metadata...
[17/05/2026 06:43:38 UTC] [INFO] [AI] JOB_STATUS_UPDATE: Job c1912aff-fc6f-4837-b039-958b7a06d78e: Analyzing ad_breaks...
[17/05/2026 06:43:38 UTC] [INFO] [AI] JOB_STATUS_UPDATE: Job c1912aff-fc6f-4837-b039-958b7a06d78e: Analyzing promo_breaks...
[17/05/2026 06:43:38 UTC] [INFO] [AI] JOB_STATUS_UPDATE: Job c1912aff-fc6f-4837-b039-958b7a06d78e: Translating to en...
[17/05/2026 06:43:38 UTC] [INFO] [AI] JOB_STATUS_UPDATE: Job c1912aff-fc6f-4837-b039-958b7a06d78e: Translating to zh...
[17/05/2026 06:43:38 UTC] [INFO] [AI] AI_TRANSLATION_BATCHING: Translating zh in 5 batches for Job c1912aff-fc6f-4837-b039-958b7a06d78e
[17/05/2026 06:43:40 UTC] [ERROR] [AI] TRANSLATION_LANG_FAILED: Translation to zh failed for job ca7f4452-b859-4c74-9de8-6954a999b337: OpenRouter API failed: 403 Key limit exceeded (total limit). Manage it using https://openrouter.ai/workspaces/default/keys/9090c8fc4c1549dcde5bedd60676ea4bc7cb01696402f2be3261faf630d98cdf
[17/05/2026 06:43:40 UTC] [INFO] [AI] JOB_STATUS_UPDATE: Job ca7f4452-b859-4c74-9de8-6954a999b337: Translating to ko...
[17/05/2026 06:43:40 UTC] [INFO] [AI] AI_TRANSLATION_BATCHING: Translating ko in 5 batches for Job ca7f4452-b859-4c74-9de8-6954a999b337
[17/05/2026 06:43:40 UTC] [ERROR] [AI] MODULE_FAILED: Module promo_breaks failed: OpenRouter API failed: 403 Key limit exceeded (total limit). Manage it using https://openrouter.ai/workspaces/default/keys/9090c8fc4c1549dcde5bedd60676ea4bc7cb01696402f2be3261faf630d98cdf | Details: {"clientId":2} | Error: Error: OpenRouter API failed: 403 Key limit exceeded (total limit). Manage it using https://openrouter.ai/workspaces/default/keys/9090c8fc4c1549dcde5bedd60676ea4bc7cb01696402f2be3261faf630d98cdf
    at OpenRouterClient.complete (C:\GOOGLE_AntiGravity\cuepoint-server\src\lib\ai\openrouter.ts:128:19)
    at processTicksAndRejections (node:internal/process/task_queues:105:5)
    at OpenRouterClient.completeWithRetry (C:\GOOGLE_AntiGravity\cuepoint-server\src\lib\ai\openrouter.ts:137:24)
    at callAI (C:\GOOGLE_AntiGravity\cuepoint-server\src\lib\ai\job-processor.ts:371:40)
    at C:\GOOGLE_AntiGravity\cuepoint-server\src\lib\ai\job-processor.ts:697:44
    at async Promise.all (index 2)
    at processAiJob (C:\GOOGLE_AntiGravity\cuepoint-server\src\lib\ai\job-processor.ts:755:35)
[17/05/2026 06:43:40 UTC] [ERROR] [AI] MODULE_FAILED: Module ad_breaks failed: OpenRouter API failed: 403 Key limit exceeded (total limit). Manage it using https://openrouter.ai/workspaces/default/keys/9090c8fc4c1549dcde5bedd60676ea4bc7cb01696402f2be3261faf630d98cdf | Details: {"clientId":2} | Error: Error: OpenRouter API failed: 403 Key limit exceeded (total limit). Manage it using https://openrouter.ai/workspaces/default/keys/9090c8fc4c1549dcde5bedd60676ea4bc7cb01696402f2be3261faf630d98cdf
    at OpenRouterClient.complete (C:\GOOGLE_AntiGravity\cuepoint-server\src\lib\ai\openrouter.ts:128:19)
    at processTicksAndRejections (node:internal/process/task_queues:105:5)
    at OpenRouterClient.completeWithRetry (C:\GOOGLE_AntiGravity\cuepoint-server\src\lib\ai\openrouter.ts:137:24)
    at callAI (C:\GOOGLE_AntiGravity\cuepoint-server\src\lib\ai\job-processor.ts:371:40)
    at C:\GOOGLE_AntiGravity\cuepoint-server\src\lib\ai\job-processor.ts:697:44
    at async Promise.all (index 1)
    at processAiJob (C:\GOOGLE_AntiGravity\cuepoint-server\src\lib\ai\job-processor.ts:755:35)
[17/05/2026 06:43:40 UTC] [ERROR] [AI] MODULE_FAILED: Module metadata failed: OpenRouter API failed: 403 Key limit exceeded (total limit). Manage it using https://openrouter.ai/workspaces/default/keys/9090c8fc4c1549dcde5bedd60676ea4bc7cb01696402f2be3261faf630d98cdf | Details: {"clientId":2} | Error: Error: OpenRouter API failed: 403 Key limit exceeded (total limit). Manage it using https://openrouter.ai/workspaces/default/keys/9090c8fc4c1549dcde5bedd60676ea4bc7cb01696402f2be3261faf630d98cdf
    at OpenRouterClient.complete (C:\GOOGLE_AntiGravity\cuepoint-server\src\lib\ai\openrouter.ts:128:19)
    at processTicksAndRejections (node:internal/process/task_queues:105:5)
    at OpenRouterClient.completeWithRetry (C:\GOOGLE_AntiGravity\cuepoint-server\src\lib\ai\openrouter.ts:137:24)
    at callAI (C:\GOOGLE_AntiGravity\cuepoint-server\src\lib\ai\job-processor.ts:371:40)
    at C:\GOOGLE_AntiGravity\cuepoint-server\src\lib\ai\job-processor.ts:697:44
    at async Promise.all (index 0)
    at processAiJob (C:\GOOGLE_AntiGravity\cuepoint-server\src\lib\ai\job-processor.ts:755:35)
[17/05/2026 06:43:41 UTC] [ERROR] [AI] MODULE_FAILED: Module promo_breaks failed: OpenRouter API failed: 403 Key limit exceeded (total limit). Manage it using https://openrouter.ai/workspaces/default/keys/9090c8fc4c1549dcde5bedd60676ea4bc7cb01696402f2be3261faf630d98cdf | Details: {"clientId":2} | Error: Error: OpenRouter API failed: 403 Key limit exceeded (total limit). Manage it using https://openrouter.ai/workspaces/default/keys/9090c8fc4c1549dcde5bedd60676ea4bc7cb01696402f2be3261faf630d98cdf
    at OpenRouterClient.complete (C:\GOOGLE_AntiGravity\cuepoint-server\src\lib\ai\openrouter.ts:128:19)
    at processTicksAndRejections (node:internal/process/task_queues:105:5)
    at OpenRouterClient.completeWithRetry (C:\GOOGLE_AntiGravity\cuepoint-server\src\lib\ai\openrouter.ts:137:24)
    at callAI (C:\GOOGLE_AntiGravity\cuepoint-server\src\lib\ai\job-processor.ts:371:40)
    at C:\GOOGLE_AntiGravity\cuepoint-server\src\lib\ai\job-processor.ts:697:44
    at async Promise.all (index 2)
    at processAiJob (C:\GOOGLE_AntiGravity\cuepoint-server\src\lib\ai\job-processor.ts:755:35)
[17/05/2026 06:43:41 UTC] [ERROR] [AI] MODULE_FAILED: Module metadata failed: OpenRouter API failed: 403 Key limit exceeded (total limit). Manage it using https://openrouter.ai/workspaces/default/keys/9090c8fc4c1549dcde5bedd60676ea4bc7cb01696402f2be3261faf630d98cdf | Details: {"clientId":2} | Error: Error: OpenRouter API failed: 403 Key limit exceeded (total limit). Manage it using https://openrouter.ai/workspaces/default/keys/9090c8fc4c1549dcde5bedd60676ea4bc7cb01696402f2be3261faf630d98cdf
    at OpenRouterClient.complete (C:\GOOGLE_AntiGravity\cuepoint-server\src\lib\ai\openrouter.ts:128:19)
    at processTicksAndRejections (node:internal/process/task_queues:105:5)
    at OpenRouterClient.completeWithRetry (C:\GOOGLE_AntiGravity\cuepoint-server\src\lib\ai\openrouter.ts:137:24)
    at callAI (C:\GOOGLE_AntiGravity\cuepoint-server\src\lib\ai\job-processor.ts:371:40)
    at C:\GOOGLE_AntiGravity\cuepoint-server\src\lib\ai\job-processor.ts:697:44
    at async Promise.all (index 0)
    at processAiJob (C:\GOOGLE_AntiGravity\cuepoint-server\src\lib\ai\job-processor.ts:755:35)
[17/05/2026 06:43:41 UTC] [ERROR] [AI] MODULE_FAILED: Module ad_breaks failed: OpenRouter API failed: 403 Key limit exceeded (total limit). Manage it using https://openrouter.ai/workspaces/default/keys/9090c8fc4c1549dcde5bedd60676ea4bc7cb01696402f2be3261faf630d98cdf | Details: {"clientId":2} | Error: Error: OpenRouter API failed: 403 Key limit exceeded (total limit). Manage it using https://openrouter.ai/workspaces/default/keys/9090c8fc4c1549dcde5bedd60676ea4bc7cb01696402f2be3261faf630d98cdf
    at OpenRouterClient.complete (C:\GOOGLE_AntiGravity\cuepoint-server\src\lib\ai\openrouter.ts:128:19)
    at processTicksAndRejections (node:internal/process/task_queues:105:5)
    at OpenRouterClient.completeWithRetry (C:\GOOGLE_AntiGravity\cuepoint-server\src\lib\ai\openrouter.ts:137:24)
    at callAI (C:\GOOGLE_AntiGravity\cuepoint-server\src\lib\ai\job-processor.ts:371:40)
    at C:\GOOGLE_AntiGravity\cuepoint-server\src\lib\ai\job-processor.ts:697:44
    at async Promise.all (index 1)
    at processAiJob (C:\GOOGLE_AntiGravity\cuepoint-server\src\lib\ai\job-processor.ts:755:35)
[17/05/2026 06:43:41 UTC] [ERROR] [AI] TRANSLATION_LANG_FAILED: Translation to zh failed for job c1912aff-fc6f-4837-b039-958b7a06d78e: OpenRouter API failed: 403 Key limit exceeded (total limit). Manage it using https://openrouter.ai/workspaces/default/keys/9090c8fc4c1549dcde5bedd60676ea4bc7cb01696402f2be3261faf630d98cdf
[17/05/2026 06:43:41 UTC] [INFO] [AI] JOB_STATUS_UPDATE: Job c1912aff-fc6f-4837-b039-958b7a06d78e: Translating to ko...
[17/05/2026 06:43:41 UTC] [INFO] [AI] AI_TRANSLATION_BATCHING: Translating ko in 5 batches for Job c1912aff-fc6f-4837-b039-958b7a06d78e
[17/05/2026 06:43:43 UTC] [ERROR] [AI] TRANSLATION_LANG_FAILED: Translation to ko failed for job ca7f4452-b859-4c74-9de8-6954a999b337: OpenRouter API failed: 403 Key limit exceeded (total limit). Manage it using https://openrouter.ai/workspaces/default/keys/9090c8fc4c1549dcde5bedd60676ea4bc7cb01696402f2be3261faf630d98cdf
[17/05/2026 06:43:43 UTC] [INFO] [AI] JOB_PROGRESS_SYNC: Synced incremental results for Job ca7f4452-b859-4c74-9de8-6954a999b337 (7 modules completed)
[17/05/2026 06:43:43 UTC] [INFO] [AI] JOB_PROCESSOR_DONE: Job ca7f4452-b859-4c74-9de8-6954a999b337 finished with status: partial | Details: {"clientId":2,"billedTotalCost":0,"successfulModules":["transcription","subtitles"],"failedModules":["subtitle_translation","promo_breaks","ad_breaks","metadata"],"resultTypes":["transcription","subtitles",null,null,null,null,null],"totalResults":7}
[17/05/2026 06:43:43 UTC] [INFO] [AI] [Client:2] AI_AUDIO_RETAINED: Job ca7f4452-b859-4c74-9de8-6954a999b337 audio retained for rerunning failed modules: subtitle_translation, promo_breaks, ad_breaks, metadata
[17/05/2026 06:43:43 UTC] [INFO] [AI] [Client:2] [Job:9b85772c-675d-433a-b225-227aad982014] AI_TRANSCRIPTION_SKIPPED: Job 9b85772c-675d-433a-b225-227aad982014 using existing transcription
[17/05/2026 06:43:43 UTC] [INFO] [AI] JOB_STATUS_UPDATE: Job 9b85772c-675d-433a-b225-227aad982014: Analyzing metadata...
[17/05/2026 06:43:43 UTC] [INFO] [AI] JOB_STATUS_UPDATE: Job 9b85772c-675d-433a-b225-227aad982014: Analyzing ad_breaks...
[17/05/2026 06:43:43 UTC] [INFO] [AI] JOB_STATUS_UPDATE: Job 9b85772c-675d-433a-b225-227aad982014: Analyzing promo_breaks...
[17/05/2026 06:43:43 UTC] [INFO] [AI] JOB_STATUS_UPDATE: Job 9b85772c-675d-433a-b225-227aad982014: Translating to en...
[17/05/2026 06:43:43 UTC] [INFO] [AI] JOB_STATUS_UPDATE: Job 9b85772c-675d-433a-b225-227aad982014: Translating to zh...
[17/05/2026 06:43:43 UTC] [INFO] [AI] AI_TRANSLATION_BATCHING: Translating zh in 5 batches for Job 9b85772c-675d-433a-b225-227aad982014
[17/05/2026 06:43:44 UTC] [ERROR] [AI] TRANSLATION_LANG_FAILED: Translation to ko failed for job c1912aff-fc6f-4837-b039-958b7a06d78e: OpenRouter API failed: 403 Key limit exceeded (total limit). Manage it using https://openrouter.ai/workspaces/default/keys/9090c8fc4c1549dcde5bedd60676ea4bc7cb01696402f2be3261faf630d98cdf
[17/05/2026 06:43:44 UTC] [INFO] [AI] JOB_PROGRESS_SYNC: Synced incremental results for Job c1912aff-fc6f-4837-b039-958b7a06d78e (7 modules completed)
[17/05/2026 06:43:44 UTC] [INFO] [AI] JOB_PROCESSOR_DONE: Job c1912aff-fc6f-4837-b039-958b7a06d78e finished with status: partial | Details: {"clientId":2,"billedTotalCost":0,"successfulModules":["transcription","subtitles"],"failedModules":["promo_breaks","metadata","ad_breaks","subtitle_translation"],"resultTypes":["transcription","subtitles",null,null,null,null,null],"totalResults":7}
[17/05/2026 06:43:44 UTC] [INFO] [AI] [Client:2] AI_AUDIO_RETAINED: Job c1912aff-fc6f-4837-b039-958b7a06d78e audio retained for rerunning failed modules: promo_breaks, metadata, ad_breaks, subtitle_translation
[17/05/2026 06:43:44 UTC] [INFO] [AI] [Client:2] [Job:12ba835d-9763-4752-9584-63101f705b98] AI_TRANSCRIPTION_SKIPPED: Job 12ba835d-9763-4752-9584-63101f705b98 using existing transcription
[17/05/2026 06:43:44 UTC] [INFO] [AI] JOB_STATUS_UPDATE: Job 12ba835d-9763-4752-9584-63101f705b98: Analyzing metadata...
[17/05/2026 06:43:44 UTC] [INFO] [AI] JOB_STATUS_UPDATE: Job 12ba835d-9763-4752-9584-63101f705b98: Analyzing ad_breaks...
[17/05/2026 06:43:44 UTC] [INFO] [AI] JOB_STATUS_UPDATE: Job 12ba835d-9763-4752-9584-63101f705b98: Analyzing promo_breaks...
[17/05/2026 06:43:44 UTC] [INFO] [AI] JOB_STATUS_UPDATE: Job 12ba835d-9763-4752-9584-63101f705b98: Translating to en...
[17/05/2026 06:43:44 UTC] [INFO] [AI] JOB_STATUS_UPDATE: Job 12ba835d-9763-4752-9584-63101f705b98: Translating to zh...
[17/05/2026 06:43:44 UTC] [INFO] [AI] AI_TRANSLATION_BATCHING: Translating zh in 5 batches for Job 12ba835d-9763-4752-9584-63101f705b98
[17/05/2026 06:43:46 UTC] [ERROR] [AI] TRANSLATION_LANG_FAILED: Translation to zh failed for job 9b85772c-675d-433a-b225-227aad982014: OpenRouter API failed: 403 Key limit exceeded (total limit). Manage it using https://openrouter.ai/workspaces/default/keys/9090c8fc4c1549dcde5bedd60676ea4bc7cb01696402f2be3261faf630d98cdf
[17/05/2026 06:43:46 UTC] [INFO] [AI] JOB_STATUS_UPDATE: Job 9b85772c-675d-433a-b225-227aad982014: Translating to ko...
[17/05/2026 06:43:46 UTC] [INFO] [AI] AI_TRANSLATION_BATCHING: Translating ko in 5 batches for Job 9b85772c-675d-433a-b225-227aad982014
[17/05/2026 06:43:46 UTC] [ERROR] [AI] MODULE_FAILED: Module metadata failed: OpenRouter API failed: 403 Key limit exceeded (total limit). Manage it using https://openrouter.ai/workspaces/default/keys/9090c8fc4c1549dcde5bedd60676ea4bc7cb01696402f2be3261faf630d98cdf | Details: {"clientId":2} | Error: Error: OpenRouter API failed: 403 Key limit exceeded (total limit). Manage it using https://openrouter.ai/workspaces/default/keys/9090c8fc4c1549dcde5bedd60676ea4bc7cb01696402f2be3261faf630d98cdf
    at OpenRouterClient.complete (C:\GOOGLE_AntiGravity\cuepoint-server\src\lib\ai\openrouter.ts:128:19)
    at processTicksAndRejections (node:internal/process/task_queues:105:5)
    at OpenRouterClient.completeWithRetry (C:\GOOGLE_AntiGravity\cuepoint-server\src\lib\ai\openrouter.ts:137:24)
    at callAI (C:\GOOGLE_AntiGravity\cuepoint-server\src\lib\ai\job-processor.ts:371:40)
    at C:\GOOGLE_AntiGravity\cuepoint-server\src\lib\ai\job-processor.ts:697:44
    at async Promise.all (index 0)
    at processAiJob (C:\GOOGLE_AntiGravity\cuepoint-server\src\lib\ai\job-processor.ts:755:35)
[17/05/2026 06:43:46 UTC] [ERROR] [AI] MODULE_FAILED: Module promo_breaks failed: OpenRouter API failed: 403 Key limit exceeded (total limit). Manage it using https://openrouter.ai/workspaces/default/keys/9090c8fc4c1549dcde5bedd60676ea4bc7cb01696402f2be3261faf630d98cdf | Details: {"clientId":2} | Error: Error: OpenRouter API failed: 403 Key limit exceeded (total limit). Manage it using https://openrouter.ai/workspaces/default/keys/9090c8fc4c1549dcde5bedd60676ea4bc7cb01696402f2be3261faf630d98cdf
    at OpenRouterClient.complete (C:\GOOGLE_AntiGravity\cuepoint-server\src\lib\ai\openrouter.ts:128:19)
    at processTicksAndRejections (node:internal/process/task_queues:105:5)
    at OpenRouterClient.completeWithRetry (C:\GOOGLE_AntiGravity\cuepoint-server\src\lib\ai\openrouter.ts:137:24)
    at callAI (C:\GOOGLE_AntiGravity\cuepoint-server\src\lib\ai\job-processor.ts:371:40)
    at C:\GOOGLE_AntiGravity\cuepoint-server\src\lib\ai\job-processor.ts:697:44
    at async Promise.all (index 2)
    at processAiJob (C:\GOOGLE_AntiGravity\cuepoint-server\src\lib\ai\job-processor.ts:755:35)
[17/05/2026 06:43:46 UTC] [ERROR] [AI] MODULE_FAILED: Module ad_breaks failed: OpenRouter API failed: 403 Key limit exceeded (total limit). Manage it using https://openrouter.ai/workspaces/default/keys/9090c8fc4c1549dcde5bedd60676ea4bc7cb01696402f2be3261faf630d98cdf | Details: {"clientId":2} | Error: Error: OpenRouter API failed: 403 Key limit exceeded (total limit). Manage it using https://openrouter.ai/workspaces/default/keys/9090c8fc4c1549dcde5bedd60676ea4bc7cb01696402f2be3261faf630d98cdf
    at OpenRouterClient.complete (C:\GOOGLE_AntiGravity\cuepoint-server\src\lib\ai\openrouter.ts:128:19)
    at processTicksAndRejections (node:internal/process/task_queues:105:5)
    at OpenRouterClient.completeWithRetry (C:\GOOGLE_AntiGravity\cuepoint-server\src\lib\ai\openrouter.ts:137:24)
    at callAI (C:\GOOGLE_AntiGravity\cuepoint-server\src\lib\ai\job-processor.ts:371:40)
    at C:\GOOGLE_AntiGravity\cuepoint-server\src\lib\ai\job-processor.ts:697:44
    at async Promise.all (index 1)
    at processAiJob (C:\GOOGLE_AntiGravity\cuepoint-server\src\lib\ai\job-processor.ts:755:35)
[17/05/2026 06:43:48 UTC] [ERROR] [AI] MODULE_FAILED: Module ad_breaks failed: OpenRouter API failed: 403 Key limit exceeded (total limit). Manage it using https://openrouter.ai/workspaces/default/keys/9090c8fc4c1549dcde5bedd60676ea4bc7cb01696402f2be3261faf630d98cdf | Details: {"clientId":2} | Error: Error: OpenRouter API failed: 403 Key limit exceeded (total limit). Manage it using https://openrouter.ai/workspaces/default/keys/9090c8fc4c1549dcde5bedd60676ea4bc7cb01696402f2be3261faf630d98cdf
    at OpenRouterClient.complete (C:\GOOGLE_AntiGravity\cuepoint-server\src\lib\ai\openrouter.ts:128:19)
    at processTicksAndRejections (node:internal/process/task_queues:105:5)
    at OpenRouterClient.completeWithRetry (C:\GOOGLE_AntiGravity\cuepoint-server\src\lib\ai\openrouter.ts:137:24)
    at callAI (C:\GOOGLE_AntiGravity\cuepoint-server\src\lib\ai\job-processor.ts:371:40)
    at C:\GOOGLE_AntiGravity\cuepoint-server\src\lib\ai\job-processor.ts:697:44
    at async Promise.all (index 1)
    at processAiJob (C:\GOOGLE_AntiGravity\cuepoint-server\src\lib\ai\job-processor.ts:755:35)
[17/05/2026 06:43:48 UTC] [ERROR] [AI] MODULE_FAILED: Module promo_breaks failed: OpenRouter API failed: 403 Key limit exceeded (total limit). Manage it using https://openrouter.ai/workspaces/default/keys/9090c8fc4c1549dcde5bedd60676ea4bc7cb01696402f2be3261faf630d98cdf | Details: {"clientId":2} | Error: Error: OpenRouter API failed: 403 Key limit exceeded (total limit). Manage it using https://openrouter.ai/workspaces/default/keys/9090c8fc4c1549dcde5bedd60676ea4bc7cb01696402f2be3261faf630d98cdf
    at OpenRouterClient.complete (C:\GOOGLE_AntiGravity\cuepoint-server\src\lib\ai\openrouter.ts:128:19)
    at processTicksAndRejections (node:internal/process/task_queues:105:5)
    at OpenRouterClient.completeWithRetry (C:\GOOGLE_AntiGravity\cuepoint-server\src\lib\ai\openrouter.ts:137:24)
    at callAI (C:\GOOGLE_AntiGravity\cuepoint-server\src\lib\ai\job-processor.ts:371:40)
    at C:\GOOGLE_AntiGravity\cuepoint-server\src\lib\ai\job-processor.ts:697:44
    at async Promise.all (index 2)
    at processAiJob (C:\GOOGLE_AntiGravity\cuepoint-server\src\lib\ai\job-processor.ts:755:35)
[17/05/2026 06:43:48 UTC] [ERROR] [AI] TRANSLATION_LANG_FAILED: Translation to zh failed for job 12ba835d-9763-4752-9584-63101f705b98: OpenRouter API failed: 403 Key limit exceeded (total limit). Manage it using https://openrouter.ai/workspaces/default/keys/9090c8fc4c1549dcde5bedd60676ea4bc7cb01696402f2be3261faf630d98cdf
[17/05/2026 06:43:48 UTC] [INFO] [AI] JOB_STATUS_UPDATE: Job 12ba835d-9763-4752-9584-63101f705b98: Translating to ko...
[17/05/2026 06:43:48 UTC] [INFO] [AI] AI_TRANSLATION_BATCHING: Translating ko in 5 batches for Job 12ba835d-9763-4752-9584-63101f705b98
[17/05/2026 06:43:48 UTC] [ERROR] [AI] MODULE_FAILED: Module metadata failed: OpenRouter API failed: 403 Key limit exceeded (total limit). Manage it using https://openrouter.ai/workspaces/default/keys/9090c8fc4c1549dcde5bedd60676ea4bc7cb01696402f2be3261faf630d98cdf | Details: {"clientId":2} | Error: Error: OpenRouter API failed: 403 Key limit exceeded (total limit). Manage it using https://openrouter.ai/workspaces/default/keys/9090c8fc4c1549dcde5bedd60676ea4bc7cb01696402f2be3261faf630d98cdf
    at OpenRouterClient.complete (C:\GOOGLE_AntiGravity\cuepoint-server\src\lib\ai\openrouter.ts:128:19)
    at processTicksAndRejections (node:internal/process/task_queues:105:5)
    at OpenRouterClient.completeWithRetry (C:\GOOGLE_AntiGravity\cuepoint-server\src\lib\ai\openrouter.ts:137:24)
    at callAI (C:\GOOGLE_AntiGravity\cuepoint-server\src\lib\ai\job-processor.ts:371:40)
    at C:\GOOGLE_AntiGravity\cuepoint-server\src\lib\ai\job-processor.ts:697:44
    at async Promise.all (index 0)
    at processAiJob (C:\GOOGLE_AntiGravity\cuepoint-server\src\lib\ai\job-processor.ts:755:35)
[17/05/2026 06:43:49 UTC] [ERROR] [AI] TRANSLATION_LANG_FAILED: Translation to ko failed for job 9b85772c-675d-433a-b225-227aad982014: OpenRouter API failed: 403 Key limit exceeded (total limit). Manage it using https://openrouter.ai/workspaces/default/keys/9090c8fc4c1549dcde5bedd60676ea4bc7cb01696402f2be3261faf630d98cdf
[17/05/2026 06:43:49 UTC] [INFO] [AI] JOB_PROGRESS_SYNC: Synced incremental results for Job 9b85772c-675d-433a-b225-227aad982014 (7 modules completed)
[17/05/2026 06:43:49 UTC] [INFO] [AI] JOB_PROCESSOR_DONE: Job 9b85772c-675d-433a-b225-227aad982014 finished with status: partial | Details: {"clientId":2,"billedTotalCost":0,"successfulModules":["transcription","subtitles"],"failedModules":["subtitle_translation","metadata","promo_breaks","ad_breaks"],"resultTypes":["transcription","subtitles",null,null,null,null,null],"totalResults":7}
[17/05/2026 06:43:49 UTC] [INFO] [AI] [Client:2] AI_AUDIO_RETAINED: Job 9b85772c-675d-433a-b225-227aad982014 audio retained for rerunning failed modules: subtitle_translation, metadata, promo_breaks, ad_breaks
[17/05/2026 06:43:49 UTC] [INFO] [AI] [Client:2] [Job:2c390d80-fa3d-44f8-a59c-12aa6c27fbe9] AI_TRANSCRIPTION_SKIPPED: Job 2c390d80-fa3d-44f8-a59c-12aa6c27fbe9 using existing transcription
[17/05/2026 06:43:49 UTC] [INFO] [AI] JOB_STATUS_UPDATE: Job 2c390d80-fa3d-44f8-a59c-12aa6c27fbe9: Translating to en...
[17/05/2026 06:43:49 UTC] [INFO] [AI] JOB_STATUS_UPDATE: Job 2c390d80-fa3d-44f8-a59c-12aa6c27fbe9: Translating to zh...
[17/05/2026 06:43:49 UTC] [INFO] [AI] AI_TRANSLATION_BATCHING: Translating zh in 5 batches for Job 2c390d80-fa3d-44f8-a59c-12aa6c27fbe9
[17/05/2026 06:43:51 UTC] [ERROR] [AI] TRANSLATION_LANG_FAILED: Translation to ko failed for job 12ba835d-9763-4752-9584-63101f705b98: OpenRouter API failed: 403 Key limit exceeded (total limit). Manage it using https://openrouter.ai/workspaces/default/keys/9090c8fc4c1549dcde5bedd60676ea4bc7cb01696402f2be3261faf630d98cdf
[17/05/2026 06:43:51 UTC] [INFO] [AI] JOB_PROGRESS_SYNC: Synced incremental results for Job 12ba835d-9763-4752-9584-63101f705b98 (7 modules completed)
[17/05/2026 06:43:51 UTC] [INFO] [AI] JOB_PROCESSOR_DONE: Job 12ba835d-9763-4752-9584-63101f705b98 finished with status: partial | Details: {"clientId":2,"billedTotalCost":0,"successfulModules":["transcription","subtitles"],"failedModules":["ad_breaks","promo_breaks","subtitle_translation","metadata"],"resultTypes":["transcription","subtitles",null,null,null,null,null],"totalResults":7}
[17/05/2026 06:43:51 UTC] [INFO] [AI] [Client:2] AI_AUDIO_RETAINED: Job 12ba835d-9763-4752-9584-63101f705b98 audio retained for rerunning failed modules: ad_breaks, promo_breaks, subtitle_translation, metadata
[17/05/2026 06:43:53 UTC] [ERROR] [AI] TRANSLATION_LANG_FAILED: Translation to zh failed for job 2c390d80-fa3d-44f8-a59c-12aa6c27fbe9: OpenRouter API failed: 403 Key limit exceeded (total limit). Manage it using https://openrouter.ai/workspaces/default/keys/9090c8fc4c1549dcde5bedd60676ea4bc7cb01696402f2be3261faf630d98cdf
[17/05/2026 06:43:53 UTC] [INFO] [AI] JOB_STATUS_UPDATE: Job 2c390d80-fa3d-44f8-a59c-12aa6c27fbe9: Translating to ko...
[17/05/2026 06:43:53 UTC] [INFO] [AI] [Client:2] [Job:2c390d80-fa3d-44f8-a59c-12aa6c27fbe9] AI_TRANSLATION_SKIPPED: Job 2c390d80-fa3d-44f8-a59c-12aa6c27fbe9 using existing ko translation
[17/05/2026 06:43:53 UTC] [INFO] [AI] JOB_PROGRESS_SYNC: Synced incremental results for Job 2c390d80-fa3d-44f8-a59c-12aa6c27fbe9 (8 modules completed)
[17/05/2026 06:43:53 UTC] [INFO] [AI] JOB_PROCESSOR_DONE: Job 2c390d80-fa3d-44f8-a59c-12aa6c27fbe9 finished with status: partial | Details: {"clientId":2,"billedTotalCost":0,"successfulModules":["transcription","subtitles"],"failedModules":["subtitle_translation"],"resultTypes":["transcription","subtitles",null,null,null,null,null,null],"totalResults":8}
[17/05/2026 06:43:53 UTC] [INFO] [AI] [Client:2] AI_AUDIO_RETAINED: Job 2c390d80-fa3d-44f8-a59c-12aa6c27fbe9 audio retained for rerunning failed modules: subtitle_translation
[17/05/2026 06:46:32 UTC] [INFO] [SYSTEM] MODULE_PRICING_SYNCED: Synced 5 module rates to pricing table for client 2
[17/05/2026 06:46:32 UTC] [INFO] [SYSTEM] CLIENT_UPDATED: Client EDM updated | Details: {"clientId":2,"status":"active","plan":"Professional"}
[17/05/2026 06:51:27 UTC] [INFO] [SYSTEM] BOOT: Server started on port 3001 (v1.0.0)
[17/05/2026 07:00:08 UTC] [INFO] [AI] JOB_INGESTION: Incoming payload for job 59169202-91be-4f22-927d-29c21c558d3e | Details: {"localJobId":"EDM-260517-F845","userId":2,"modulesCount":6,"targetLanguagesRaw":"[\"en\",\"zh\",\"ko\"]","body":{"modules":"[\"transcription\",\"subtitles\",\"metadata\",\"ad_breaks\",\"promo_breaks\",\"subtitle_translation\"]","local_job_id":"EDM-260517-F845","user_id":"2","duration":"211.071","target_languages":"[\"en\",\"zh\",\"ko\"]"}}
[17/05/2026 07:00:08 UTC] [INFO] [AI] JOB_LANGS_PARSED: Parsed target languages for job 59169202-91be-4f22-927d-29c21c558d3e | Details: {"targetLanguages":["en","zh","ko"]}
[17/05/2026 07:00:08 UTC] [INFO] [AI] JOB_SUBMITTED: Parallel AI job 59169202-91be-4f22-927d-29c21c558d3e added to queue | Details: {"clientId":2,"userId":2,"localJobId":"EDM-260517-F845","modulesRequested":["transcription","subtitles","metadata","ad_breaks","promo_breaks","subtitle_translation"],"targetLanguages":["en","zh","ko"],"duration":211.071}
[17/05/2026 07:00:13 UTC] [INFO] [AI] JOB_STATUS_UPDATE: Job 59169202-91be-4f22-927d-29c21c558d3e: Transcribing audio...
[17/05/2026 07:00:13 UTC] [INFO] [AI] [Client:2/EDM] AI_TRANSCRIPTION_REQUEST: Job 59169202-91be-4f22-927d-29c21c558d3e transcribing audio | Details: {"model":"whisper-1","billedRate":5}
[17/05/2026 07:00:23 UTC] [INFO] [AI] [Client:2] [Job:59169202-91be-4f22-927d-29c21c558d3e] AI_TRANSCRIPTION_RESPONSE: Job 59169202-91be-4f22-927d-29c21c558d3e transcription complete | Details: {"model":"whisper-1","latencyMs":10007,"actualCost":0.021107000732421877,"billedToClient":5,"textSample":"Cryptocurrency isn't just about trading or investing, it's transforming real-world applications across industries. Let's explore how crypto is making an impact. Payments are faster, cheaper and borderless with crypto. People can send money globally in minutes without traditional banks or fees. Gaming is evolving with blockchain, enabling true ownership of in-game assets through NFTs and plateware and models. Players can trade, sell or keep assets beyond the game. Digital identity powered by bloc..."}
[17/05/2026 07:00:23 UTC] [INFO] [AI] JOB_PROGRESS_SYNC: Synced transcription for Job 59169202-91be-4f22-927d-29c21c558d3e
[17/05/2026 07:00:23 UTC] [INFO] [AI] JOB_STATUS_UPDATE: Job 59169202-91be-4f22-927d-29c21c558d3e: Generating subtitles...
[17/05/2026 07:00:23 UTC] [INFO] [AI] JOB_PROGRESS_SYNC: Synced subtitles for Job 59169202-91be-4f22-927d-29c21c558d3e
[17/05/2026 07:00:23 UTC] [INFO] [AI] JOB_STATUS_UPDATE: Job 59169202-91be-4f22-927d-29c21c558d3e: Analyzing metadata...
[17/05/2026 07:00:23 UTC] [INFO] [AI] JOB_STATUS_UPDATE: Job 59169202-91be-4f22-927d-29c21c558d3e: Analyzing ad_breaks...
[17/05/2026 07:00:23 UTC] [INFO] [AI] JOB_STATUS_UPDATE: Job 59169202-91be-4f22-927d-29c21c558d3e: Analyzing promo_breaks...
[17/05/2026 07:00:23 UTC] [INFO] [AI] JOB_STATUS_UPDATE: Job 59169202-91be-4f22-927d-29c21c558d3e: Translating to en...
[17/05/2026 07:00:23 UTC] [INFO] [AI] JOB_STATUS_UPDATE: Job 59169202-91be-4f22-927d-29c21c558d3e: Translating to zh...
[17/05/2026 07:00:23 UTC] [INFO] [AI] AI_TRANSLATION_BATCHING: Translating zh in 1 batches for Job 59169202-91be-4f22-927d-29c21c558d3e
[17/05/2026 07:00:27 UTC] [ERROR] [AI] MODULE_FAILED: Module ad_breaks failed: OpenRouter API failed: 403 Key limit exceeded (total limit). Manage it using https://openrouter.ai/workspaces/default/keys/9090c8fc4c1549dcde5bedd60676ea4bc7cb01696402f2be3261faf630d98cdf | Details: {"clientId":2} | Error: Error: OpenRouter API failed: 403 Key limit exceeded (total limit). Manage it using https://openrouter.ai/workspaces/default/keys/9090c8fc4c1549dcde5bedd60676ea4bc7cb01696402f2be3261faf630d98cdf
    at OpenRouterClient.complete (C:\GOOGLE_AntiGravity\cuepoint-server\src\lib\ai\openrouter.ts:128:19)
    at processTicksAndRejections (node:internal/process/task_queues:105:5)
    at OpenRouterClient.completeWithRetry (C:\GOOGLE_AntiGravity\cuepoint-server\src\lib\ai\openrouter.ts:137:24)
    at callAI (C:\GOOGLE_AntiGravity\cuepoint-server\src\lib\ai\job-processor.ts:371:40)
    at C:\GOOGLE_AntiGravity\cuepoint-server\src\lib\ai\job-processor.ts:697:44
    at async Promise.all (index 1)
    at processAiJob (C:\GOOGLE_AntiGravity\cuepoint-server\src\lib\ai\job-processor.ts:755:35)
[17/05/2026 07:00:27 UTC] [ERROR] [AI] MODULE_FAILED: Module promo_breaks failed: OpenRouter API failed: 403 Key limit exceeded (total limit). Manage it using https://openrouter.ai/workspaces/default/keys/9090c8fc4c1549dcde5bedd60676ea4bc7cb01696402f2be3261faf630d98cdf | Details: {"clientId":2} | Error: Error: OpenRouter API failed: 403 Key limit exceeded (total limit). Manage it using https://openrouter.ai/workspaces/default/keys/9090c8fc4c1549dcde5bedd60676ea4bc7cb01696402f2be3261faf630d98cdf
    at OpenRouterClient.complete (C:\GOOGLE_AntiGravity\cuepoint-server\src\lib\ai\openrouter.ts:128:19)
    at processTicksAndRejections (node:internal/process/task_queues:105:5)
    at OpenRouterClient.completeWithRetry (C:\GOOGLE_AntiGravity\cuepoint-server\src\lib\ai\openrouter.ts:137:24)
    at callAI (C:\GOOGLE_AntiGravity\cuepoint-server\src\lib\ai\job-processor.ts:371:40)
    at C:\GOOGLE_AntiGravity\cuepoint-server\src\lib\ai\job-processor.ts:697:44
    at async Promise.all (index 2)
    at processAiJob (C:\GOOGLE_AntiGravity\cuepoint-server\src\lib\ai\job-processor.ts:755:35)
[17/05/2026 07:00:27 UTC] [ERROR] [AI] MODULE_FAILED: Module metadata failed: OpenRouter API failed: 403 Key limit exceeded (total limit). Manage it using https://openrouter.ai/workspaces/default/keys/9090c8fc4c1549dcde5bedd60676ea4bc7cb01696402f2be3261faf630d98cdf | Details: {"clientId":2} | Error: Error: OpenRouter API failed: 403 Key limit exceeded (total limit). Manage it using https://openrouter.ai/workspaces/default/keys/9090c8fc4c1549dcde5bedd60676ea4bc7cb01696402f2be3261faf630d98cdf
    at OpenRouterClient.complete (C:\GOOGLE_AntiGravity\cuepoint-server\src\lib\ai\openrouter.ts:128:19)
    at processTicksAndRejections (node:internal/process/task_queues:105:5)
    at OpenRouterClient.completeWithRetry (C:\GOOGLE_AntiGravity\cuepoint-server\src\lib\ai\openrouter.ts:137:24)
    at callAI (C:\GOOGLE_AntiGravity\cuepoint-server\src\lib\ai\job-processor.ts:371:40)
    at C:\GOOGLE_AntiGravity\cuepoint-server\src\lib\ai\job-processor.ts:697:44
    at async Promise.all (index 0)
    at processAiJob (C:\GOOGLE_AntiGravity\cuepoint-server\src\lib\ai\job-processor.ts:755:35)
[17/05/2026 07:00:27 UTC] [ERROR] [AI] TRANSLATION_LANG_FAILED: Translation to zh failed for job 59169202-91be-4f22-927d-29c21c558d3e: OpenRouter API failed: 403 Key limit exceeded (total limit). Manage it using https://openrouter.ai/workspaces/default/keys/9090c8fc4c1549dcde5bedd60676ea4bc7cb01696402f2be3261faf630d98cdf
[17/05/2026 07:00:27 UTC] [INFO] [AI] JOB_STATUS_UPDATE: Job 59169202-91be-4f22-927d-29c21c558d3e: Translating to ko...
[17/05/2026 07:00:27 UTC] [INFO] [AI] AI_TRANSLATION_BATCHING: Translating ko in 1 batches for Job 59169202-91be-4f22-927d-29c21c558d3e
[17/05/2026 07:00:30 UTC] [ERROR] [AI] TRANSLATION_LANG_FAILED: Translation to ko failed for job 59169202-91be-4f22-927d-29c21c558d3e: OpenRouter API failed: 403 Key limit exceeded (total limit). Manage it using https://openrouter.ai/workspaces/default/keys/9090c8fc4c1549dcde5bedd60676ea4bc7cb01696402f2be3261faf630d98cdf
[17/05/2026 07:00:30 UTC] [INFO] [AI] JOB_PROGRESS_SYNC: Synced incremental results for Job 59169202-91be-4f22-927d-29c21c558d3e (7 modules completed)
[17/05/2026 07:00:30 UTC] [INFO] [AI] JOB_PROCESSOR_DONE: Job 59169202-91be-4f22-927d-29c21c558d3e finished with status: partial | Details: {"clientId":2,"billedTotalCost":7,"successfulModules":["transcription","subtitles"],"failedModules":["ad_breaks","promo_breaks","metadata","subtitle_translation"],"resultTypes":["transcription","subtitles",null,null,null,null,null],"totalResults":7}
[17/05/2026 07:00:30 UTC] [INFO] [AI] [Client:2] AI_AUDIO_RETAINED: Job 59169202-91be-4f22-927d-29c21c558d3e audio retained for rerunning failed modules: ad_breaks, promo_breaks, metadata, subtitle_translation
[17/05/2026 07:00:45 UTC] [INFO] [AI] JOB_INGESTION: Incoming payload for job 7a0c7694-c898-47fa-b9b6-ad57a6734800 | Details: {"localJobId":"EDM-260517-8701","userId":2,"modulesCount":6,"targetLanguagesRaw":"[\"en\",\"zh\",\"ko\"]","body":{"modules":"[\"transcription\",\"subtitles\",\"metadata\",\"ad_breaks\",\"promo_breaks\",\"subtitle_translation\"]","local_job_id":"EDM-260517-8701","user_id":"2","duration":"2572.64","target_languages":"[\"en\",\"zh\",\"ko\"]"}}
[17/05/2026 07:00:45 UTC] [INFO] [AI] JOB_LANGS_PARSED: Parsed target languages for job 7a0c7694-c898-47fa-b9b6-ad57a6734800 | Details: {"targetLanguages":["en","zh","ko"]}
[17/05/2026 07:00:45 UTC] [INFO] [AI] JOB_SUBMITTED: Parallel AI job 7a0c7694-c898-47fa-b9b6-ad57a6734800 added to queue | Details: {"clientId":2,"userId":2,"localJobId":"EDM-260517-8701","modulesRequested":["transcription","subtitles","metadata","ad_breaks","promo_breaks","subtitle_translation"],"targetLanguages":["en","zh","ko"],"duration":2572.64}
[17/05/2026 07:00:48 UTC] [INFO] [AI] JOB_STATUS_UPDATE: Job 7a0c7694-c898-47fa-b9b6-ad57a6734800: Transcribing audio...
[17/05/2026 07:00:48 UTC] [INFO] [AI] [Client:2/EDM] AI_TRANSCRIPTION_REQUEST: Job 7a0c7694-c898-47fa-b9b6-ad57a6734800 transcribing audio | Details: {"model":"whisper-1","billedRate":13}
[17/05/2026 07:02:48 UTC] [INFO] [AI] [Client:2] [Job:7a0c7694-c898-47fa-b9b6-ad57a6734800] AI_TRANSCRIPTION_RESPONSE: Job 7a0c7694-c898-47fa-b9b6-ad57a6734800 transcription complete | Details: {"model":"whisper-1","latencyMs":119952,"actualCost":0.257264990234375,"billedToClient":13,"textSample":"字幕由 Amara.org 社群提供 字幕由 Amara.org 社群提供 不好意思 技術問題我們會盡快處理 不好意思 虛擬空間跟 Adam 是同一組源代碼 虛擬空間還在 也就是程序沒問題 但是為什麼 Adam 卻突然消失不見了 不要緊啊 我們再從頭試一次 可能剛才忽略了什麼細節才會這樣 還試什麼 有辦法就不用愣在這了 多收拾東西回去開會 今天是所有當兵最難過的一天 Love Bircher 裡本來是想把一個全新形象的 Adam 帶給大家 但可能因為形象太前衛 Adam 一下接受不了 他拒絕升級 甚至是消失了 但請大家放心 我們已經在努力的說服他 雖然有些困難 但我相信 Adam 絕對不會離開大家 他回歸的時候一定會帶給大家無限驚喜 所以大家記得密切留意我們各大社交平台的最新消息 交了一年錢竟然跟我玩失蹤 馬上滾出來 是不是宣傳手法 想增加點擊率還是想漲價 再這樣就去 4plus1 那邊了 晴晴 你還好嗎 我知道 Adam 陪了你十年 他突然不見了 你肯定非常難受 可能之前真的習慣了 一點也不覺得已經十年了 但是到底是怎麼回事 我在前面看著升級倒計時 但到升級的那一刻 信號突然之間就斷..."}
[17/05/2026 07:02:48 UTC] [INFO] [AI] JOB_PROGRESS_SYNC: Synced transcription for Job 7a0c7694-c898-47fa-b9b6-ad57a6734800
[17/05/2026 07:02:48 UTC] [INFO] [AI] JOB_STATUS_UPDATE: Job 7a0c7694-c898-47fa-b9b6-ad57a6734800: Generating subtitles...
[17/05/2026 07:02:48 UTC] [INFO] [AI] JOB_PROGRESS_SYNC: Synced subtitles for Job 7a0c7694-c898-47fa-b9b6-ad57a6734800
[17/05/2026 07:02:48 UTC] [INFO] [AI] JOB_STATUS_UPDATE: Job 7a0c7694-c898-47fa-b9b6-ad57a6734800: Analyzing metadata...
[17/05/2026 07:02:48 UTC] [INFO] [AI] [Job:7a0c7694-c898-47fa-b9b6-ad57a6734800] AI_CHUNKED_PROCESS: Processing metadata in 3 chunks | Details: {"duration":2572.64}
[17/05/2026 07:02:48 UTC] [INFO] [AI] JOB_STATUS_UPDATE: Job 7a0c7694-c898-47fa-b9b6-ad57a6734800: Analyzing ad_breaks...
[17/05/2026 07:02:48 UTC] [INFO] [AI] [Job:7a0c7694-c898-47fa-b9b6-ad57a6734800] AI_CHUNKED_PROCESS: Processing ad_breaks in 3 chunks | Details: {"duration":2572.64}
[17/05/2026 07:02:48 UTC] [INFO] [AI] JOB_STATUS_UPDATE: Job 7a0c7694-c898-47fa-b9b6-ad57a6734800: Analyzing promo_breaks...
[17/05/2026 07:02:48 UTC] [INFO] [AI] [Job:7a0c7694-c898-47fa-b9b6-ad57a6734800] AI_CHUNKED_PROCESS: Processing promo_breaks in 3 chunks | Details: {"duration":2572.64}
[17/05/2026 07:02:48 UTC] [INFO] [AI] JOB_STATUS_UPDATE: Job 7a0c7694-c898-47fa-b9b6-ad57a6734800: Translating to en...
[17/05/2026 07:02:48 UTC] [INFO] [AI] AI_TRANSLATION_BATCHING: Translating en in 5 batches for Job 7a0c7694-c898-47fa-b9b6-ad57a6734800
[17/05/2026 07:02:52 UTC] [ERROR] [AI] TRANSLATION_LANG_FAILED: Translation to en failed for job 7a0c7694-c898-47fa-b9b6-ad57a6734800: OpenRouter API failed: 403 Key limit exceeded (total limit). Manage it using https://openrouter.ai/workspaces/default/keys/9090c8fc4c1549dcde5bedd60676ea4bc7cb01696402f2be3261faf630d98cdf
[17/05/2026 07:02:52 UTC] [INFO] [AI] JOB_STATUS_UPDATE: Job 7a0c7694-c898-47fa-b9b6-ad57a6734800: Translating to zh...
[17/05/2026 07:02:52 UTC] [INFO] [AI] JOB_STATUS_UPDATE: Job 7a0c7694-c898-47fa-b9b6-ad57a6734800: Translating to ko...
[17/05/2026 07:02:52 UTC] [INFO] [AI] AI_TRANSLATION_BATCHING: Translating ko in 5 batches for Job 7a0c7694-c898-47fa-b9b6-ad57a6734800
[17/05/2026 07:02:52 UTC] [ERROR] [AI] MODULE_FAILED: Module metadata failed: OpenRouter API failed: 403 Key limit exceeded (total limit). Manage it using https://openrouter.ai/workspaces/default/keys/9090c8fc4c1549dcde5bedd60676ea4bc7cb01696402f2be3261faf630d98cdf | Details: {"clientId":2} | Error: Error: OpenRouter API failed: 403 Key limit exceeded (total limit). Manage it using https://openrouter.ai/workspaces/default/keys/9090c8fc4c1549dcde5bedd60676ea4bc7cb01696402f2be3261faf630d98cdf
    at OpenRouterClient.complete (C:\GOOGLE_AntiGravity\cuepoint-server\src\lib\ai\openrouter.ts:128:19)
    at processTicksAndRejections (node:internal/process/task_queues:105:5)
    at OpenRouterClient.completeWithRetry (C:\GOOGLE_AntiGravity\cuepoint-server\src\lib\ai\openrouter.ts:137:24)
    at callAI (C:\GOOGLE_AntiGravity\cuepoint-server\src\lib\ai\job-processor.ts:371:40)
    at async Promise.all (index 0)
    at C:\GOOGLE_AntiGravity\cuepoint-server\src\lib\ai\job-processor.ts:654:54
    at async Promise.all (index 0)
    at processAiJob (C:\GOOGLE_AntiGravity\cuepoint-server\src\lib\ai\job-processor.ts:755:35)
[17/05/2026 07:02:52 UTC] [ERROR] [AI] MODULE_FAILED: Module promo_breaks failed: OpenRouter API failed: 403 Key limit exceeded (total limit). Manage it using https://openrouter.ai/workspaces/default/keys/9090c8fc4c1549dcde5bedd60676ea4bc7cb01696402f2be3261faf630d98cdf | Details: {"clientId":2} | Error: Error: OpenRouter API failed: 403 Key limit exceeded (total limit). Manage it using https://openrouter.ai/workspaces/default/keys/9090c8fc4c1549dcde5bedd60676ea4bc7cb01696402f2be3261faf630d98cdf
    at OpenRouterClient.complete (C:\GOOGLE_AntiGravity\cuepoint-server\src\lib\ai\openrouter.ts:128:19)
    at processTicksAndRejections (node:internal/process/task_queues:105:5)
    at OpenRouterClient.completeWithRetry (C:\GOOGLE_AntiGravity\cuepoint-server\src\lib\ai\openrouter.ts:137:24)
    at callAI (C:\GOOGLE_AntiGravity\cuepoint-server\src\lib\ai\job-processor.ts:371:40)
    at async Promise.all (index 1)
    at C:\GOOGLE_AntiGravity\cuepoint-server\src\lib\ai\job-processor.ts:614:54
    at async Promise.all (index 2)
    at processAiJob (C:\GOOGLE_AntiGravity\cuepoint-server\src\lib\ai\job-processor.ts:755:35)
[17/05/2026 07:02:52 UTC] [ERROR] [AI] MODULE_FAILED: Module ad_breaks failed: OpenRouter API failed: 403 Key limit exceeded (total limit). Manage it using https://openrouter.ai/workspaces/default/keys/9090c8fc4c1549dcde5bedd60676ea4bc7cb01696402f2be3261faf630d98cdf | Details: {"clientId":2} | Error: Error: OpenRouter API failed: 403 Key limit exceeded (total limit). Manage it using https://openrouter.ai/workspaces/default/keys/9090c8fc4c1549dcde5bedd60676ea4bc7cb01696402f2be3261faf630d98cdf
    at OpenRouterClient.complete (C:\GOOGLE_AntiGravity\cuepoint-server\src\lib\ai\openrouter.ts:128:19)
    at processTicksAndRejections (node:internal/process/task_queues:105:5)
    at OpenRouterClient.completeWithRetry (C:\GOOGLE_AntiGravity\cuepoint-server\src\lib\ai\openrouter.ts:137:24)
    at callAI (C:\GOOGLE_AntiGravity\cuepoint-server\src\lib\ai\job-processor.ts:371:40)
    at async Promise.all (index 2)
    at C:\GOOGLE_AntiGravity\cuepoint-server\src\lib\ai\job-processor.ts:614:54
    at async Promise.all (index 1)
    at processAiJob (C:\GOOGLE_AntiGravity\cuepoint-server\src\lib\ai\job-processor.ts:755:35)
[17/05/2026 07:02:55 UTC] [ERROR] [AI] TRANSLATION_LANG_FAILED: Translation to ko failed for job 7a0c7694-c898-47fa-b9b6-ad57a6734800: OpenRouter API failed: 403 Key limit exceeded (total limit). Manage it using https://openrouter.ai/workspaces/default/keys/9090c8fc4c1549dcde5bedd60676ea4bc7cb01696402f2be3261faf630d98cdf
[17/05/2026 07:02:55 UTC] [INFO] [AI] JOB_PROGRESS_SYNC: Synced incremental results for Job 7a0c7694-c898-47fa-b9b6-ad57a6734800 (7 modules completed)
[17/05/2026 07:02:55 UTC] [INFO] [AI] JOB_PROCESSOR_DONE: Job 7a0c7694-c898-47fa-b9b6-ad57a6734800 finished with status: partial | Details: {"clientId":2,"billedTotalCost":22,"successfulModules":["transcription","subtitles"],"failedModules":["subtitle_translation","metadata","promo_breaks","ad_breaks"],"resultTypes":["transcription","subtitles",null,null,null,null,null],"totalResults":7}
[17/05/2026 07:02:55 UTC] [INFO] [AI] [Client:2] AI_AUDIO_RETAINED: Job 7a0c7694-c898-47fa-b9b6-ad57a6734800 audio retained for rerunning failed modules: subtitle_translation, metadata, promo_breaks, ad_breaks
[17/05/2026 08:17:22 UTC] [INFO] [SYSTEM] BOOT: Server started on port 3001 (v1.0.0)
[17/05/2026 08:17:29 UTC] [INFO] [SYSTEM] BOOT: Server started on port 3001 (v1.0.0)
[17/05/2026 08:22:34 UTC] [INFO] [SYSTEM] BOOT: Server started on port 3001 (v1.0.0)
[17/05/2026 09:08:59 UTC] [INFO] [SYSTEM] BOOT: Server started on port 3001 (v1.0.0)
[17/05/2026 09:09:10 UTC] [INFO] [SYSTEM] BOOT: Server started on port 3001 (v1.0.0)
[17/05/2026 09:09:15 UTC] [INFO] [SYSTEM] BOOT: Server started on port 3001 (v1.0.0)
[17/05/2026 09:09:24 UTC] [INFO] [SYSTEM] BOOT: Server started on port 3001 (v1.0.0)
[17/05/2026 09:10:06 UTC] [INFO] [SYSTEM] BOOT: Server started on port 3001 (v1.0.0)
[17/05/2026 09:10:19 UTC] [INFO] [SYSTEM] BOOT: Server started on port 3001 (v1.0.0)
[17/05/2026 09:10:24 UTC] [INFO] [SYSTEM] BOOT: Server started on port 3001 (v1.0.0)
[17/05/2026 09:12:01 UTC] [INFO] [SYSTEM] BOOT: Server started on port 3001 (v1.0.0)
[17/05/2026 09:25:43 UTC] [INFO] [SYSTEM] MODULE_PRICING_SYNCED: Synced 5 module rates to pricing table for client 2
[17/05/2026 09:25:43 UTC] [INFO] [SYSTEM] CLIENT_UPDATED: Client EDM updated | Details: {"clientId":2,"status":"active","plan":"Professional"}
[17/05/2026 09:29:59 UTC] [INFO] [AI] JOB_INGESTION: Incoming payload for job 4e4c5449-39f8-42c6-82f0-bc744dbadcc1 | Details: {"localJobId":"EDM-260517-2BD7","userId":2,"modulesCount":6,"targetLanguagesRaw":"[\"en\",\"zh\",\"ko\"]","body":{"modules":"[\"transcription\",\"subtitles\",\"metadata\",\"ad_breaks\",\"promo_breaks\",\"subtitle_translation\"]","local_job_id":"EDM-260517-2BD7","user_id":"2","duration":"2572.64","target_languages":"[\"en\",\"zh\",\"ko\"]"}}
[17/05/2026 09:29:59 UTC] [INFO] [AI] JOB_LANGS_PARSED: Parsed target languages for job 4e4c5449-39f8-42c6-82f0-bc744dbadcc1 | Details: {"targetLanguages":["en","zh","ko"]}
[17/05/2026 09:29:59 UTC] [INFO] [AI] JOB_SUBMITTED: Parallel AI job 4e4c5449-39f8-42c6-82f0-bc744dbadcc1 added to queue | Details: {"clientId":2,"userId":2,"localJobId":"EDM-260517-2BD7","modulesRequested":["transcription","subtitles","metadata","ad_breaks","promo_breaks","subtitle_translation"],"targetLanguages":["en","zh","ko"],"duration":2572.64}
[17/05/2026 09:30:01 UTC] [INFO] [AI] JOB_STATUS_UPDATE: Job 4e4c5449-39f8-42c6-82f0-bc744dbadcc1: Transcribing audio...
[17/05/2026 09:30:01 UTC] [INFO] [AI] [Client:2/EDM] AI_TRANSCRIPTION_REQUEST: Job 4e4c5449-39f8-42c6-82f0-bc744dbadcc1 transcribing audio | Details: {"model":"whisper-1","billedRate":13}
[17/05/2026 09:31:33 UTC] [INFO] [AI] [Client:2] [Job:4e4c5449-39f8-42c6-82f0-bc744dbadcc1] AI_TRANSCRIPTION_RESPONSE: Job 4e4c5449-39f8-42c6-82f0-bc744dbadcc1 transcription complete | Details: {"model":"whisper-1","latencyMs":92316,"actualCost":0.257264990234375,"billedToClient":13,"textSample":"字幕由 Amara.org 社群提供 字幕由 Amara.org 社群提供 不好意思 技術問題我們會盡快處理 不好意思 虛擬空間跟 Adam 是同一組源代碼 虛擬空間還在 也就是程序沒問題 但是為什麼 Adam 卻突然消失不見了 不要緊啊 我們再從頭試一次 可能剛才忽略了什麼細節才會這樣 還試什麼 有辦法就不用愣在這了 多收拾東西回去開會 今天是所有當兵最難過的一天 Love Bircher 裡本來是想把一個全新形象的 Adam 帶給大家 但可能因為形象太前衛 Adam 一下接受不了 他拒絕升級 甚至是消失了 但請大家放心 我們已經在努力的說服他 雖然有些困難 但我相信 Adam 絕對不會離開大家 他回歸的時候一定會帶給大家無限驚喜 所以大家記得密切留意我們各大社交平台的最新消息 交了一年錢竟然跟我玩失蹤 馬上滾出來 是不是宣傳手法 想增加點擊率還是想漲價 再這樣就去 4plus1 那邊了 晴晴 你還好嗎 我知道 Adam 陪了你十年 他突然不見了 你肯定非常難受 可能之前真的習慣了 一點也不覺得已經十年了 但是到底是怎麼回事 我在前面看著升級倒計時 但到升級的那一刻 信號突然之間就斷..."}
[17/05/2026 09:31:33 UTC] [INFO] [AI] JOB_PROGRESS_SYNC: Synced transcription for Job 4e4c5449-39f8-42c6-82f0-bc744dbadcc1
[17/05/2026 09:31:33 UTC] [INFO] [AI] JOB_STATUS_UPDATE: Job 4e4c5449-39f8-42c6-82f0-bc744dbadcc1: Generating subtitles...
[17/05/2026 09:31:33 UTC] [INFO] [AI] JOB_PROGRESS_SYNC: Synced subtitles for Job 4e4c5449-39f8-42c6-82f0-bc744dbadcc1
[17/05/2026 09:31:33 UTC] [INFO] [AI] JOB_STATUS_UPDATE: Job 4e4c5449-39f8-42c6-82f0-bc744dbadcc1: Analyzing metadata...
[17/05/2026 09:31:33 UTC] [INFO] [AI] [Job:4e4c5449-39f8-42c6-82f0-bc744dbadcc1] AI_CHUNKED_PROCESS: Processing metadata in 3 chunks | Details: {"duration":2572.64}
[17/05/2026 09:31:33 UTC] [INFO] [AI] JOB_STATUS_UPDATE: Job 4e4c5449-39f8-42c6-82f0-bc744dbadcc1: Analyzing ad_breaks...
[17/05/2026 09:31:33 UTC] [INFO] [AI] [Job:4e4c5449-39f8-42c6-82f0-bc744dbadcc1] AI_CHUNKED_PROCESS: Processing ad_breaks in 3 chunks | Details: {"duration":2572.64}
[17/05/2026 09:31:33 UTC] [INFO] [AI] JOB_STATUS_UPDATE: Job 4e4c5449-39f8-42c6-82f0-bc744dbadcc1: Analyzing promo_breaks...
[17/05/2026 09:31:33 UTC] [INFO] [AI] [Job:4e4c5449-39f8-42c6-82f0-bc744dbadcc1] AI_CHUNKED_PROCESS: Processing promo_breaks in 3 chunks | Details: {"duration":2572.64}
[17/05/2026 09:31:33 UTC] [INFO] [AI] JOB_STATUS_UPDATE: Job 4e4c5449-39f8-42c6-82f0-bc744dbadcc1: Translating to en...
[17/05/2026 09:31:33 UTC] [INFO] [AI] AI_TRANSLATION_BATCHING: Translating en in 5 batches for Job 4e4c5449-39f8-42c6-82f0-bc744dbadcc1
[17/05/2026 09:31:46 UTC] [INFO] [AI] [Job:4e4c5449-39f8-42c6-82f0-bc744dbadcc1] AI_SYNTHESIS_START: Synthesizing 9 candidates for ad_breaks
[17/05/2026 09:31:50 UTC] [INFO] [AI] [Job:4e4c5449-39f8-42c6-82f0-bc744dbadcc1] AI_SYNTHESIS_START: Synthesizing 9 candidates for promo_breaks
[17/05/2026 09:36:00 UTC] [INFO] [AI] JOB_STATUS_UPDATE: Job 4e4c5449-39f8-42c6-82f0-bc744dbadcc1: Translating to zh...
[17/05/2026 09:36:00 UTC] [INFO] [AI] JOB_STATUS_UPDATE: Job 4e4c5449-39f8-42c6-82f0-bc744dbadcc1: Translating to ko...
[17/05/2026 09:36:00 UTC] [INFO] [AI] AI_TRANSLATION_BATCHING: Translating ko in 5 batches for Job 4e4c5449-39f8-42c6-82f0-bc744dbadcc1
[17/05/2026 09:41:54 UTC] [INFO] [AI] JOB_PROGRESS_SYNC: Synced incremental results for Job 4e4c5449-39f8-42c6-82f0-bc744dbadcc1 (7 modules completed)
[17/05/2026 09:41:54 UTC] [INFO] [AI] JOB_PROCESSOR_DONE: Job 4e4c5449-39f8-42c6-82f0-bc744dbadcc1 finished with status: completed | Details: {"clientId":2,"billedTotalCost":22,"successfulModules":["transcription","subtitles","ad_breaks","promo_breaks","metadata","subtitle_translation"],"failedModules":[],"resultTypes":["transcription","subtitles",null,null,null,null,null],"totalResults":7}
[17/05/2026 09:49:44 UTC] [INFO] [SYSTEM] BOOT: Server started on port 3001 (v1.0.0)
[17/05/2026 10:11:06 UTC] [INFO] [SYSTEM] BOOT: Server started on port 3001 (v1.0.0)
[17/05/2026 10:38:09 UTC] [INFO] [SYSTEM] BOOT: Server started on port 3001 (v1.0.0)
[17/05/2026 10:42:02 UTC] [INFO] [SYSTEM] BOOT: Server started on port 3001 (v1.0.0)
[17/05/2026 10:42:38 UTC] [INFO] [SYSTEM] BOOT: Server started on port 3001 (v1.0.0)
